Órgão,Unidade Gestora,Número Contrato,Fornecedor,Vig. Início,Vig. Fim,Valor Global,Núm. Parcelas,Valor Parcela,ministerio,CNPJ,Nome Fornecedor,Flag_CNEP,Flag_CEIS,CNPJ_clean
22000 - MINISTERIO DA AGRICULTURA E PECUARIA,130025 - SFA/PE/MAPA,00003/2019,64.799.539/0001-35 - TECNOSET INFORMATICA PRODUTOS E SERVICOS LTDA,2019-05-07,2023-05-06,"R$ 62.015,76",12,"R$ 5.167,98",Consulta Contratos Contratos.gov.br Min Agricultura 22000,64799539000135,TECNOSET INFORMATICA PRODUTOS E SERVICOS LTDA,0,0,64799539000135
22000 - MINISTERIO DA AGRICULTURA E PECUARIA,130025 - SFA/PE/MAPA,00006/2023,07.759.174/0001-81 - SOLUCOES  SERVICOS DE LOCACAO DE MAQUINAS E EQUIPAMENTOS PARA ESCRITORIO LTDA,2023-06-01,2025-05-31,"R$ 102.850,00",12,"R$ 8.570,83",Consulta Contratos Contratos.gov.br Min Agricultura 22000,7759174000181,SOLUCOES  SERVICOS DE LOCACAO DE MAQUINAS E EQUIPAMENTOS PARA ESCRITORIO LTDA,0,1,07759174000181
22000 - MINISTERIO DA AGRICULTURA E PECUARIA,130067 - SFA/SP/MAPA,00006/2023,07.432.517/0001-07 - SIMPRESS COMERCIO LOCACAO E SERVICOS LTDA,2023-04-01,2027-04-01,"R$ 720.238,67",48,"R$ 15.004,97",Consulta Contratos Contratos.gov.br Min Agricultura 22000,7432517000107,SIMPRESS COMERCIO LOCACAO E SERVICOS LTDA,0,0,07432517000107
22000 - MINISTERIO DA AGRICULTURA E PECUARIA,130069 - SFA/MA/MAPA,00004/2022,08.951.049/0001-31 - CORESMA - COMERCIO DE EQUIPAMENTOS E SUPRIMENTOS LTDA,2022-09-23,2025-09-22,"R$ 58.860,00",12,"R$ 4.905,00",Consulta Contratos Contratos.gov.br Min Agricultura 22000,8951049000131,CORESMA - COMERCIO DE EQUIPAMENTOS E SUPRIMENTOS LTDA,0,0,08951049000131
22000 - MINISTERIO DA AGRICULTURA E PECUARIA,130094 - SFA/PA/MAPA,00002/2023,03.117.534/0001-90 - BRADOK SOLUCOES CORPORATIVAS LTDA,2023-11-21,2027-11-20,"R$ 129.484,80",12,"R$ 10.790,40",Consulta Contratos Contratos.gov.br Min Agricultura 22000,3117534000190,BRADOK SOLUCOES CORPORATIVAS LTDA,0,0,03117534000190
22000 - MINISTERIO DA AGRICULTURA E PECUARIA,130100 - SFA/AP/MAPA,00002/2022,34.941.930/0001-61 - DIGIMAQ INFORMATICA LTDA,2022-08-04,2025-08-04,"R$ 36.739,20",12,"R$ 3.061,60",Consulta Contratos Contratos.gov.br Min Agricultura 22000,34941930000161,DIGIMAQ INFORMATICA LTDA,0,0,34941930000161
22000 - MINISTERIO DA AGRICULTURA E PECUARIA,130005 - CGOEF/DA/SE/MAPA,00007/2021,07.432.517/0001-07 - SIMPRESS COMERCIO LOCACAO E SERVICOS LTDA,2021-01-12,2026-01-12,"R$ 1.330.874,16",48,"R$ 27.726,54",Consulta Contratos Contratos.gov.br Min Agricultura 22000,7432517000107,SIMPRESS COMERCIO LOCACAO E SERVICOS LTDA,0,0,07432517000107
22000 - MINISTERIO DA AGRICULTURA E PECUARIA,130070 - SFA/PR/MAPA,00001/2019,64.799.539/0001-35 - TECNOSET INFORMATICA PRODUTOS E SERVICOS LTDA,2019-02-05,2025-02-04,"R$ 90.974,04",12,"R$ 7.581,17",Consulta Contratos Contratos.gov.br Min Agricultura 22000,64799539000135,TECNOSET INFORMATICA PRODUTOS E SERVICOS LTDA,0,0,64799539000135
22000 - MINISTERIO DA AGRICULTURA E PECUARIA,130074 - SFA/RS/MAPA,00006/2023,07.432.517/0001-07 - SIMPRESS COMERCIO LOCACAO E SERVICOS LTDA,2023-07-01,2027-07-01,"R$ 637.863,36",48,"R$ 13.288,82",Consulta Contratos Contratos.gov.br Min Agricultura 22000,7432517000107,SIMPRESS COMERCIO LOCACAO E SERVICOS LTDA,0,0,07432517000107
"24000 - MINISTERIO DA CIENCIA, TECNOLOGIA E INOVAC",240123 - LNCC/MCTI,2023NE000101,44.618.077/0001-03 - CRUZ NVM CONSULTORIA & GESTAO LTDA,2024-01-02,2024-04-10,"R$ 77,36",1,"R$ 77,36",Consulta Contratos Contratos.gov.br Min Ciencia 24000,44618077000103,CRUZ NVM CONSULTORIA & GESTAO LTDA,0,0,44618077000103
"24000 - MINISTERIO DA CIENCIA, TECNOLOGIA E INOVAC",240123 - LNCC/MCTI,2022NE000098,23.518.065/0001-29 - XP ON CONSULTORIA LTDA,2022-12-22,2023-12-22,"R$ 8.060,00",1,"R$ 8.060,00",Consulta Contratos Contratos.gov.br Min Ciencia 24000,23518065000129,XP ON CONSULTORIA LTDA,0,0,23518065000129
"24000 - MINISTERIO DA CIENCIA, TECNOLOGIA E INOVAC",240123 - LNCC/MCTI,00003/2023,04.424.094/0001-87 - ALLCOMNET TECNOLOGIA E SISTEMAS LTDA,2023-04-05,2024-04-05,"R$ 43.572,00",1,"R$ 43.572,00",Consulta Contratos Contratos.gov.br Min Ciencia 24000,4424094000187,ALLCOMNET TECNOLOGIA E SISTEMAS LTDA,0,0,04424094000187
"24000 - MINISTERIO DA CIENCIA, TECNOLOGIA E INOVAC",240123 - LNCC/MCTI,00028/2018,01.919.316/0001-44 - OGASEC CONSULTORIA E INFORMATICA LTDA,2018-11-28,2021-11-27,"R$ 187.425,62",1,"R$ 187.425,62",Consulta Contratos Contratos.gov.br Min Ciencia 24000,1919316000144,OGASEC CONSULTORIA E INFORMATICA LTDA,0,0,01919316000144
"24000 - MINISTERIO DA CIENCIA, TECNOLOGIA E INOVAC",240123 - LNCC/MCTI,2024NE000098,33.402.892/0001-06 - ASSOCIACAO BRASILEIRA DE NORMAS TECNICAS ABNT,2024-12-22,2025-12-22,"R$ 2.107,90",1,"R$ 2.107,90",Consulta Contratos Contratos.gov.br Min Ciencia 24000,33402892000106,ASSOCIACAO BRASILEIRA DE NORMAS TECNICAS ABNT,0,0,33402892000106
"24000 - MINISTERIO DA CIENCIA, TECNOLOGIA E INOVAC",240123 - LNCC/MCTI,2022NE000068,30.870.355/0001-00 - M2Z SOLUCOES INTEGRADAS LTDA,2022-08-19,2023-08-18,"R$ 1.988,00",1,"R$ 1.988,00",Consulta Contratos Contratos.gov.br Min Ciencia 24000,30870355000100,M2Z SOLUCOES INTEGRADAS LTDA,0,0,30870355000100
"24000 - MINISTERIO DA CIENCIA, TECNOLOGIA E INOVAC",240123 - LNCC/MCTI,00011/2017,07.432.517/0001-07 - SIMPRESS COMERCIO LOCACAO E SERVICOS LTDA,2017-08-17,2021-08-16,"R$ 4.066.221,03",12,"R$ 338.851,75",Consulta Contratos Contratos.gov.br Min Ciencia 24000,7432517000107,SIMPRESS COMERCIO LOCACAO E SERVICOS LTDA,0,0,07432517000107
"24000 - MINISTERIO DA CIENCIA, TECNOLOGIA E INOVAC",240123 - LNCC/MCTI,00007/2018,01.644.731/0001-32 - CTIS TECNOLOGIA LTDA,2018-06-11,2023-10-08,"R$ 2.499.927,50",1,"R$ 2.499.927,50",Consulta Contratos Contratos.gov.br Min Ciencia 24000,1644731000132,CTIS TECNOLOGIA LTDA,0,0,01644731000132
"24000 - MINISTERIO DA CIENCIA, TECNOLOGIA E INOVAC",240123 - LNCC/MCTI,00019/2018,21.649.280/0001-33 - BULL LTDA,2018-09-06,2024-03-04,"R$ 4.985.227,44",12,"R$ 415.435,62",Consulta Contratos Contratos.gov.br Min Ciencia 24000,21649280000133,BULL LTDA,0,0,21649280000133
"24000 - MINISTERIO DA CIENCIA, TECNOLOGIA E INOVAC",240123 - LNCC/MCTI,2023NE000104,44.791.976/0001-03 - 9CS COMERCIO DE PRODUTOS LTDA,2024-01-02,2024-04-10,"R$ 304,46",1,"R$ 304,46",Consulta Contratos Contratos.gov.br Min Ciencia 24000,44791976000103,9CS COMERCIO DE PRODUTOS LTDA,0,0,44791976000103
"24000 - MINISTERIO DA CIENCIA, TECNOLOGIA E INOVAC",240123 - LNCC/MCTI,2023NE000108,48.040.995/0001-40 - LUTHOR COMERCIO LTDA,2024-01-02,2024-04-10,"R$ 1.473,20",1,"R$ 1.473,20",Consulta Contratos Contratos.gov.br Min Ciencia 24000,48040995000140,LUTHOR COMERCIO LTDA,0,0,48040995000140
"24000 - MINISTERIO DA CIENCIA, TECNOLOGIA E INOVAC",240123 - LNCC/MCTI,2023NE000107,17.215.437/0001-45 - NEP SOLUCOES E INFORMATICA - COMERCIO E SERVICOS LTDA,2024-01-04,2024-04-12,"R$ 174,00",1,"R$ 174,00",Consulta Contratos Contratos.gov.br Min Ciencia 24000,17215437000145,NEP SOLUCOES E INFORMATICA - COMERCIO E SERVICOS LTDA,0,1,17215437000145
"24000 - MINISTERIO DA CIENCIA, TECNOLOGIA E INOVAC",240123 - LNCC/MCTI,2023NE000103,26.587.509/0001-76 - DOUBLE SOLUCOES E TECNOLOGIA LTDA,2024-01-02,2024-04-10,"R$ 2.671,20",1,"R$ 2.671,20",Consulta Contratos Contratos.gov.br Min Ciencia 24000,26587509000176,DOUBLE SOLUCOES E TECNOLOGIA LTDA,0,0,26587509000176
"24000 - MINISTERIO DA CIENCIA, TECNOLOGIA E INOVAC",240123 - LNCC/MCTI,2023NE000102,"30.814.518/0001-20 - MANHUACU CONSTRUCAO, TERCEIRIZACAO E COMERCIALIZACAO DE MATERIAIS LTDA",2024-01-02,2024-04-10,"R$ 1.067,00",1,"R$ 1.067,00",Consulta Contratos Contratos.gov.br Min Ciencia 24000,30814518000120,"MANHUACU CONSTRUCAO, TERCEIRIZACAO E COMERCIALIZACAO DE MATERIAIS LTDA",0,1,30814518000120
"24000 - MINISTERIO DA CIENCIA, TECNOLOGIA E INOVAC",240123 - LNCC/MCTI,00004/2024,21.649.280/0001-33 - BULL LTDA,2024-06-01,2025-06-01,"R$ 7.385.227,44",12,"R$ 615.435,62",Consulta Contratos Contratos.gov.br Min Ciencia 24000,21649280000133,BULL LTDA,0,0,21649280000133
"24000 - MINISTERIO DA CIENCIA, TECNOLOGIA E INOVAC",240123 - LNCC/MCTI,2023NE000109,52.504.817/0001-09 - LEGACY DISTRIBUIDORA DE INFORMATICA E ELETROELETRONICOS LTDA,2024-01-02,2024-04-10,"R$ 1.550,88",1,"R$ 1.550,88",Consulta Contratos Contratos.gov.br Min Ciencia 24000,52504817000109,LEGACY DISTRIBUIDORA DE INFORMATICA E ELETROELETRONICOS LTDA,0,1,52504817000109
"24000 - MINISTERIO DA CIENCIA, TECNOLOGIA E INOVAC",240123 - LNCC/MCTI,2022NE000100,33.402.892/0001-06 - ASSOCIACAO BRASILEIRA DE NORMAS TECNICAS ABNT,2022-12-21,2023-12-21,"R$ 1.893,90",1,"R$ 1.893,90",Consulta Contratos Contratos.gov.br Min Ciencia 24000,33402892000106,ASSOCIACAO BRASILEIRA DE NORMAS TECNICAS ABNT,0,0,33402892000106
"24000 - MINISTERIO DA CIENCIA, TECNOLOGIA E INOVAC",240123 - LNCC/MCTI,00021/2022,19.452.240/0001-55 - NETWARE TELECOMUNICACOES E INFORMATICA LTDA,2022-12-20,2023-06-08,"R$ 1.075.000,00",1,"R$ 1.075.000,00",Consulta Contratos Contratos.gov.br Min Ciencia 24000,19452240000155,NETWARE TELECOMUNICACOES E INFORMATICA LTDA,0,0,19452240000155
"24000 - MINISTERIO DA CIENCIA, TECNOLOGIA E INOVAC",240124 - MAST/MCTI,00002/2019,03.589.089/0001-61 - MFC - CONSULTORIA E ASSESSORIA EMPRESARIAL LTDA,2019-02-01,2025-02-01,"R$ 259.053,01",12,"R$ 21.587,75",Consulta Contratos Contratos.gov.br Min Ciencia 24000,3589089000161,MFC - CONSULTORIA E ASSESSORIA EMPRESARIAL LTDA,0,0,03589089000161
"24000 - MINISTERIO DA CIENCIA, TECNOLOGIA E INOVAC",240124 - MAST/MCTI,00007/2024,05.630.085/0001-05 - VICMA COMERCIO DE EQUIPAMENTOS PARA ESCRITORIO LTDA,2024-09-02,2025-09-02,"R$ 81.353,64",12,"R$ 6.779,47",Consulta Contratos Contratos.gov.br Min Ciencia 24000,5630085000105,VICMA COMERCIO DE EQUIPAMENTOS PARA ESCRITORIO LTDA,0,0,05630085000105
"24000 - MINISTERIO DA CIENCIA, TECNOLOGIA E INOVAC",240125 - MPEG/MCTI,00028/2024,27.120.037/0001-00 - THADS SERVICOS LTDA,2024-09-30,2025-09-30,"R$ 16.989,00",1,"R$ 16.989,00",Consulta Contratos Contratos.gov.br Min Ciencia 24000,27120037000100,THADS SERVICOS LTDA,0,0,27120037000100
"24000 - MINISTERIO DA CIENCIA, TECNOLOGIA E INOVAC",240125 - MPEG/MCTI,2024NE000119,53.463.762/0001-90 - CJ&M SOLUCOES COMERCIAIS LTDA,2024-09-10,2025-09-10,"R$ 8.599,90",1,"R$ 8.599,90",Consulta Contratos Contratos.gov.br Min Ciencia 24000,53463762000190,CJ&M SOLUCOES COMERCIAIS LTDA,0,0,53463762000190
"24000 - MINISTERIO DA CIENCIA, TECNOLOGIA E INOVAC",240125 - MPEG/MCTI,2024NE000110,26.498.396/0001-32 - MA3 TECH INFORMATICA LTDA,2024-08-13,2025-08-13,"R$ 1.927,49",1,"R$ 1.927,49",Consulta Contratos Contratos.gov.br Min Ciencia 24000,26498396000132,MA3 TECH INFORMATICA LTDA,0,0,26498396000132
"24000 - MINISTERIO DA CIENCIA, TECNOLOGIA E INOVAC",240125 - MPEG/MCTI,2023NE000162,05.377.777/0001-93 - SYSTEM NETWORKS LTDA,2023-11-20,2024-12-30,"R$ 31.840,00",1,"R$ 31.840,00",Consulta Contratos Contratos.gov.br Min Ciencia 24000,5377777000193,SYSTEM NETWORKS LTDA,0,0,05377777000193
"24000 - MINISTERIO DA CIENCIA, TECNOLOGIA E INOVAC",240125 - MPEG/MCTI,00025/2024,02.213.325/0005-01 - PLUGNET COMERCIO E REPRESENTACOES LTDA.,2024-09-24,2029-09-24,"R$ 979.000,00",1,"R$ 979.000,00",Consulta Contratos Contratos.gov.br Min Ciencia 24000,2213325000501,PLUGNET COMERCIO E REPRESENTACOES LTDA.,0,0,02213325000501
"24000 - MINISTERIO DA CIENCIA, TECNOLOGIA E INOVAC",240125 - MPEG/MCTI,00019/2021,03.117.534/0001-90 - BRADOK SOLUCOES CORPORATIVAS LTDA,2021-12-17,2025-12-17,"R$ 352.187,52",48,"R$ 7.337,24",Consulta Contratos Contratos.gov.br Min Ciencia 24000,3117534000190,BRADOK SOLUCOES CORPORATIVAS LTDA,0,0,03117534000190
"24000 - MINISTERIO DA CIENCIA, TECNOLOGIA E INOVAC",240125 - MPEG/MCTI,00026/2024,03.017.428/0001-35 - NCT INFORMATICA LTDA,2024-09-25,2029-09-25,"R$ 75.500,00",1,"R$ 75.500,00",Consulta Contratos Contratos.gov.br Min Ciencia 24000,3017428000135,NCT INFORMATICA LTDA,0,0,03017428000135
"24000 - MINISTERIO DA CIENCIA, TECNOLOGIA E INOVAC",240125 - MPEG/MCTI,00034/2024,"07.223.271/0001-55 - CONNECTA - CONSULTORIA, COMERCIO E SERVICOS DE INFORMATICA LTDA",2024-12-06,2027-12-06,"R$ 122.250,00",1,"R$ 122.250,00",Consulta Contratos Contratos.gov.br Min Ciencia 24000,7223271000155,"CONNECTA - CONSULTORIA, COMERCIO E SERVICOS DE INFORMATICA LTDA",0,0,07223271000155
"24000 - MINISTERIO DA CIENCIA, TECNOLOGIA E INOVAC",240125 - MPEG/MCTI,00037/2024,26.930.358/0001-07 - FL SUPRIMENTOS DE INFORMATICA LTDA,2024-12-16,2029-12-16,"R$ 130.656,00",1,"R$ 130.656,00",Consulta Contratos Contratos.gov.br Min Ciencia 24000,26930358000107,FL SUPRIMENTOS DE INFORMATICA LTDA,0,0,26930358000107
"24000 - MINISTERIO DA CIENCIA, TECNOLOGIA E INOVAC",240125 - MPEG/MCTI,00039/2024,20.324.748/0001-57 - VLP NOBREAKS E ESTABILIZADORES LTDA,2024-12-16,2025-12-16,"R$ 16.000,00",1,"R$ 16.000,00",Consulta Contratos Contratos.gov.br Min Ciencia 24000,20324748000157,VLP NOBREAKS E ESTABILIZADORES LTDA,0,0,20324748000157
"24000 - MINISTERIO DA CIENCIA, TECNOLOGIA E INOVAC",240125 - MPEG/MCTI,2024NE000063,07.797.967/0001-95 - NP TECNOLOGIA E GESTAO DE DADOS LTDA,2024-05-24,2025-05-24,"R$ 10.610,00",1,"R$ 10.610,00",Consulta Contratos Contratos.gov.br Min Ciencia 24000,7797967000195,NP TECNOLOGIA E GESTAO DE DADOS LTDA,0,0,07797967000195
"24000 - MINISTERIO DA CIENCIA, TECNOLOGIA E INOVAC",240125 - MPEG/MCTI,00004/2021,"07.223.271/0001-55 - CONNECTA - CONSULTORIA, COMERCIO E SERVICOS DE INFORMATICA LTDA",2021-02-10,2022-02-10,"R$ 301.530,00",1,"R$ 301.530,00",Consulta Contratos Contratos.gov.br Min Ciencia 24000,7223271000155,"CONNECTA - CONSULTORIA, COMERCIO E SERVICOS DE INFORMATICA LTDA",0,0,07223271000155
"24000 - MINISTERIO DA CIENCIA, TECNOLOGIA E INOVAC",240125 - MPEG/MCTI,00027/2021,07.178.322/0001-74 - EQUILIBRIUM WEB SERVICOS DE INFORMATICA LTDA,2021-12-29,2024-10-29,"R$ 390.600,00",12,"R$ 32.550,00",Consulta Contratos Contratos.gov.br Min Ciencia 24000,7178322000174,EQUILIBRIUM WEB SERVICOS DE INFORMATICA LTDA,0,0,07178322000174
"24000 - MINISTERIO DA CIENCIA, TECNOLOGIA E INOVAC",240125 - MPEG/MCTI,00022/2022,59.717.553/0006-17 - GRUPO MULTI S.A,2022-12-27,2023-12-27,"R$ 6.900,00",1,"R$ 6.900,00",Consulta Contratos Contratos.gov.br Min Ciencia 24000,59717553000617,GRUPO MULTI S.A,0,0,59717553000617
"24000 - MINISTERIO DA CIENCIA, TECNOLOGIA E INOVAC",240125 - MPEG/MCTI,00027/2024,03.822.909/0001-13 - CONNECTOWAY SOLUCOES INTELIGENTES EM TECNOLOGIA S.A,2024-09-23,2029-09-23,"R$ 136.314,00",1,"R$ 136.314,00",Consulta Contratos Contratos.gov.br Min Ciencia 24000,3822909000113,CONNECTOWAY SOLUCOES INTELIGENTES EM TECNOLOGIA S.A,0,0,03822909000113
"24000 - MINISTERIO DA CIENCIA, TECNOLOGIA E INOVAC",240125 - MPEG/MCTI,00022/2024,09.298.794/0001-96 - POWER TEC TECNOLOGIA EM INFORMATICA LTDA,2024-08-19,2027-08-19,"R$ 36.000,00",1,"R$ 36.000,00",Consulta Contratos Contratos.gov.br Min Ciencia 24000,9298794000196,POWER TEC TECNOLOGIA EM INFORMATICA LTDA,0,0,09298794000196
"24000 - MINISTERIO DA CIENCIA, TECNOLOGIA E INOVAC",240127 - CETEM/MCTI,00003/2023,05.630.085/0001-05 - VICMA COMERCIO DE EQUIPAMENTOS PARA ESCRITORIO LTDA,2023-07-01,2024-07-01,"R$ 35.040,00",12,"R$ 2.920,00",Consulta Contratos Contratos.gov.br Min Ciencia 24000,5630085000105,VICMA COMERCIO DE EQUIPAMENTOS PARA ESCRITORIO LTDA,0,0,05630085000105
"24000 - MINISTERIO DA CIENCIA, TECNOLOGIA E INOVAC",240224 - CEMADEN/MCTI,00013/2024,54.419.299/0001-42 - ROBSON DOS SANTOS ZANUTO LTDA,2024-12-04,2025-12-04,"R$ 59.730,00",1,"R$ 59.730,00",Consulta Contratos Contratos.gov.br Min Ciencia 24000,54419299000142,ROBSON DOS SANTOS ZANUTO LTDA,0,0,54419299000142
"24000 - MINISTERIO DA CIENCIA, TECNOLOGIA E INOVAC",240224 - CEMADEN/MCTI,00001/2024,89.237.911/0001-40 - GLOBAL DISTRIBUICAO DE BENS DE CONSUMO LTDA.,2024-01-30,2025-01-30,"R$ 54.504,00",1,"R$ 54.504,00",Consulta Contratos Contratos.gov.br Min Ciencia 24000,89237911000140,GLOBAL DISTRIBUICAO DE BENS DE CONSUMO LTDA.,0,0,89237911000140
"24000 - MINISTERIO DA CIENCIA, TECNOLOGIA E INOVAC",240224 - CEMADEN/MCTI,00035/2020,24.884.690/0001-57 - RAPHAEL SILVA ARAUJO,2020-12-31,2021-06-29,"R$ 13.040,00",1,"R$ 13.040,00",Consulta Contratos Contratos.gov.br Min Ciencia 24000,24884690000157,RAPHAEL SILVA ARAUJO,0,1,24884690000157
"24000 - MINISTERIO DA CIENCIA, TECNOLOGIA E INOVAC",240224 - CEMADEN/MCTI,00028/2021,08.437.917/0001-60 - TTI INFORMATICA REPRESENTACAO E CONSULTORIA LTDA,2021-12-30,2022-06-28,"R$ 519.800,00",1,"R$ 519.800,00",Consulta Contratos Contratos.gov.br Min Ciencia 24000,8437917000160,TTI INFORMATICA REPRESENTACAO E CONSULTORIA LTDA,0,0,08437917000160
"24000 - MINISTERIO DA CIENCIA, TECNOLOGIA E INOVAC",240224 - CEMADEN/MCTI,00034/2020,10.190.017/0001-02 - EDMUR RODRIGUES SILVEIRA,2020-12-31,2021-06-29,"R$ 33.660,00",1,"R$ 33.660,00",Consulta Contratos Contratos.gov.br Min Ciencia 24000,10190017000102,EDMUR RODRIGUES SILVEIRA,0,0,10190017000102
"24000 - MINISTERIO DA CIENCIA, TECNOLOGIA E INOVAC",240224 - CEMADEN/MCTI,00033/2020,04.567.265/0001-27 - SCORPION INFORMATICA LTDA,2020-12-31,2021-06-29,"R$ 2.188,52",1,"R$ 2.188,52",Consulta Contratos Contratos.gov.br Min Ciencia 24000,4567265000127,SCORPION INFORMATICA LTDA,0,0,04567265000127
"24000 - MINISTERIO DA CIENCIA, TECNOLOGIA E INOVAC",240105 - INPA/MCTI,00001/2023,15.025.223/0001-80 - CATTEDRA SOLUCOES EM TI LTDA,2023-01-20,2024-01-20,"R$ 114.300,00",1,"R$ 114.300,00",Consulta Contratos Contratos.gov.br Min Ciencia 24000,15025223000180,CATTEDRA SOLUCOES EM TI LTDA,0,0,15025223000180
"24000 - MINISTERIO DA CIENCIA, TECNOLOGIA E INOVAC",240101 - COORD.GER.REC.LOG.,00019/2023,59.717.553/0006-17 - GRUPO MULTI S.A,2023-11-09,2024-11-09,"R$ 255.300,00",1,"R$ 255.300,00",Consulta Contratos Contratos.gov.br Min Ciencia 24000,59717553000617,GRUPO MULTI S.A,0,0,59717553000617
41000 - MINISTERIO DAS COMUNICACOES,410003 - CGRL/MCOM,00122/2022,03.017.428/0001-35 - NCT INFORMATICA LTDA,2022-10-20,2023-10-20,"R$ 1.300.000,00",1,"R$ 1.300.000,00",Consulta Contratos Contratos.gov.br Min Comunicacoes 41000,3017428000135,NCT INFORMATICA LTDA,0,0,03017428000135
41000 - MINISTERIO DAS COMUNICACOES,410003 - CGRL/MCOM,00093/2022,20.750.593/0001-10 - AGENCIA BRASPUB & EMPREENDIMENTOS LTDA,2022-08-24,2024-08-24,"R$ 79.819,92",12,"R$ 6.651,66",Consulta Contratos Contratos.gov.br Min Comunicacoes 41000,20750593000110,AGENCIA BRASPUB & EMPREENDIMENTOS LTDA,0,0,20750593000110
41000 - MINISTERIO DAS COMUNICACOES,410072 - SPTI,00132/2023,31.862.002/0001-13 - GLOBAL SEC. TECNOLOGIA & INFORMACAO LTDA,2023-09-13,2025-09-13,"R$ 585.000,00",12,"R$ 48.750,00",Consulta Contratos Contratos.gov.br Min Comunicacoes 41000,31862002000113,GLOBAL SEC. TECNOLOGIA & INFORMACAO LTDA,0,0,31862002000113
41000 - MINISTERIO DAS COMUNICACOES,410072 - SPTI,00003/2024,24.425.034/0001-96 - JAMC CONSULTORIA E REPRESENTACAO DE SOFTWARE LTDA,2024-04-04,2026-04-04,"R$ 1.736.500,00",1,"R$ 1.736.500,00",Consulta Contratos Contratos.gov.br Min Comunicacoes 41000,24425034000196,JAMC CONSULTORIA E REPRESENTACAO DE SOFTWARE LTDA,0,0,24425034000196
41000 - MINISTERIO DAS COMUNICACOES,410072 - SPTI,00002/2024,11.038.368/0001-65 - DISRUPTEC BRASIL LTDA,2024-04-04,2026-04-04,"R$ 1.594.400,00",1,"R$ 1.594.400,00",Consulta Contratos Contratos.gov.br Min Comunicacoes 41000,11038368000165,DISRUPTEC BRASIL LTDA,0,0,11038368000165
41000 - MINISTERIO DAS COMUNICACOES,410072 - SPTI,00015/2024,01.645.738/0001-79 - INDRA BRASIL SOLUCOES E SERVICOS TECNOLOGICOS LTDA,2024-10-14,2025-10-14,"R$ 4.004.840,00",1,"R$ 4.004.840,00",Consulta Contratos Contratos.gov.br Min Comunicacoes 41000,1645738000179,INDRA BRASIL SOLUCOES E SERVICOS TECNOLOGICOS LTDA,0,0,01645738000179
41000 - MINISTERIO DAS COMUNICACOES,410072 - SPTI,00165/2023,21.547.011/0001-66 - ALLTECH - SOLUCOES EM TECNOLOGIA LTDA,2023-12-11,2026-12-11,"R$ 4.856.040,00",1,"R$ 4.856.040,00",Consulta Contratos Contratos.gov.br Min Comunicacoes 41000,21547011000166,ALLTECH - SOLUCOES EM TECNOLOGIA LTDA,0,0,21547011000166
41000 - MINISTERIO DAS COMUNICACOES,410072 - SPTI,00028/2024,37.131.927/0001-70 - NORTHWARE COMERCIO E SERVICOS LTDA,2024-12-23,2025-12-23,"R$ 1.795.000,00",1,"R$ 1.795.000,00",Consulta Contratos Contratos.gov.br Min Comunicacoes 41000,37131927000170,NORTHWARE COMERCIO E SERVICOS LTDA,0,0,37131927000170
41000 - MINISTERIO DAS COMUNICACOES,410072 - SPTI,00069/2021,07.432.517/0001-07 - SIMPRESS COMERCIO LOCACAO E SERVICOS LTDA,2021-10-08,2025-10-08,"R$ 923.158,33",48,"R$ 19.232,47",Consulta Contratos Contratos.gov.br Min Comunicacoes 41000,7432517000107,SIMPRESS COMERCIO LOCACAO E SERVICOS LTDA,0,0,07432517000107
41000 - MINISTERIO DAS COMUNICACOES,410072 - SPTI,00185/2022,07.192.480/0002-60 - AMM TECNOLOGIA E SERVICOS DE INFORMATICA S/A,2022-12-29,2026-12-29,"R$ 57.400,00",1,"R$ 57.400,00",Consulta Contratos Contratos.gov.br Min Comunicacoes 41000,7192480000260,AMM TECNOLOGIA E SERVICOS DE INFORMATICA S/A,0,0,07192480000260
41000 - MINISTERIO DAS COMUNICACOES,410072 - SPTI,00166/2023,07.322.276/0001-35 - SYDLE SISTEMAS LTDA,2023-12-14,2026-12-14,"R$ 1.510.300,50",1,"R$ 1.510.300,50",Consulta Contratos Contratos.gov.br Min Comunicacoes 41000,7322276000135,SYDLE SISTEMAS LTDA,0,0,07322276000135
42000 - MINISTERIO DA CULTURA,420001 - SPOA/SE/MINC,00021/2024,76.659.820/0046-53 - ASSOCIACAO PARANAENSE DE CULTURA - APC,2024-10-16,2025-10-16,"R$ 23.400,00",1,"R$ 23.400,00",Consulta Contratos Contratos.gov.br Min Cultura 42000,76659820004653,ASSOCIACAO PARANAENSE DE CULTURA - APC,0,0,76659820004653
42000 - MINISTERIO DA CULTURA,420020 - STII/SGE/SE/MINC,00029/2023,24.425.034/0001-96 - JAMC CONSULTORIA E REPRESENTACAO DE SOFTWARE LTDA,2023-12-29,2024-12-29,"R$ 1.735.900,00",1,"R$ 1.735.900,00",Consulta Contratos Contratos.gov.br Min Cultura 42000,24425034000196,JAMC CONSULTORIA E REPRESENTACAO DE SOFTWARE LTDA,0,0,24425034000196
42000 - MINISTERIO DA CULTURA,420020 - STII/SGE/SE/MINC,00014/2024,24.425.034/0001-96 - JAMC CONSULTORIA E REPRESENTACAO DE SOFTWARE LTDA,2024-05-23,2025-05-23,"R$ 4.767.500,00",1,"R$ 4.767.500,00",Consulta Contratos Contratos.gov.br Min Cultura 42000,24425034000196,JAMC CONSULTORIA E REPRESENTACAO DE SOFTWARE LTDA,0,0,24425034000196
"55000 - MIN.DESENV.E ASSIT.SOCIAL,FAM.E COMBATE FO",550005 - C.G.L.C.,00096/2024,07.432.517/0001-07 - SIMPRESS COMERCIO LOCACAO E SERVICOS LTDA,2024-11-14,2029-11-14,"R$ 60.787,70",60,"R$ 1.013,13",Consulta Contratos Contratos.gov.br Min Des Ass Social 55000,7432517000107,SIMPRESS COMERCIO LOCACAO E SERVICOS LTDA,0,0,07432517000107
"55000 - MIN.DESENV.E ASSIT.SOCIAL,FAM.E COMBATE FO",550005 - C.G.L.C.,00058/2024,24.425.034/0001-96 - JAMC CONSULTORIA E REPRESENTACAO DE SOFTWARE LTDA,2024-05-27,2025-05-27,"R$ 5.296.500,00",12,"R$ 441.375,00",Consulta Contratos Contratos.gov.br Min Des Ass Social 55000,24425034000196,JAMC CONSULTORIA E REPRESENTACAO DE SOFTWARE LTDA,0,0,24425034000196
81000 - MINISTERIO DOS DIREITOS HUMANOS E CIDADANI,810005 - CGL/MDH,00072/2020,37.131.927/0001-70 - NORTHWARE COMERCIO E SERVICOS LTDA,2020-11-27,2024-06-30,"R$ 3.066.834,00",1,"R$ 3.066.834,00",Consulta Contratos Contratos.gov.br Min Direitos Humanos 81000,37131927000170,NORTHWARE COMERCIO E SERVICOS LTDA,0,0,37131927000170
81000 - MINISTERIO DOS DIREITOS HUMANOS E CIDADANI,810005 - CGL/MDH,00074/2020,37.131.927/0001-70 - NORTHWARE COMERCIO E SERVICOS LTDA,2020-12-01,2022-11-30,"R$ 278.307,00",1,"R$ 278.307,00",Consulta Contratos Contratos.gov.br Min Direitos Humanos 81000,37131927000170,NORTHWARE COMERCIO E SERVICOS LTDA,0,0,37131927000170
81000 - MINISTERIO DOS DIREITOS HUMANOS E CIDADANI,810005 - CGL/MDH,00050/2020,37.131.927/0001-70 - NORTHWARE COMERCIO E SERVICOS LTDA,2020-07-27,2021-07-26,"R$ 204.000,00",1,"R$ 204.000,00",Consulta Contratos Contratos.gov.br Min Direitos Humanos 81000,37131927000170,NORTHWARE COMERCIO E SERVICOS LTDA,0,0,37131927000170
81000 - MINISTERIO DOS DIREITOS HUMANOS E CIDADANI,810005 - CGL/MDH,00116/2020,37.131.927/0001-70 - NORTHWARE COMERCIO E SERVICOS LTDA,2020-12-22,2021-12-21,"R$ 193.800,00",1,"R$ 193.800,00",Consulta Contratos Contratos.gov.br Min Direitos Humanos 81000,37131927000170,NORTHWARE COMERCIO E SERVICOS LTDA,0,0,37131927000170
81000 - MINISTERIO DOS DIREITOS HUMANOS E CIDADANI,810005 - CGL/MDH,00076/2020,37.131.927/0001-70 - NORTHWARE COMERCIO E SERVICOS LTDA,2020-11-27,2023-11-26,"R$ 682.125,00",1,"R$ 682.125,00",Consulta Contratos Contratos.gov.br Min Direitos Humanos 81000,37131927000170,NORTHWARE COMERCIO E SERVICOS LTDA,0,0,37131927000170
81000 - MINISTERIO DOS DIREITOS HUMANOS E CIDADANI,810005 - CGL/MDH,00001/2023,31.862.002/0001-13 - GLOBAL SEC. TECNOLOGIA & INFORMACAO LTDA,2023-02-02,2026-02-01,"R$ 1.890.000,00",1,"R$ 1.890.000,00",Consulta Contratos Contratos.gov.br Min Direitos Humanos 81000,31862002000113,GLOBAL SEC. TECNOLOGIA & INFORMACAO LTDA,0,0,31862002000113
81000 - MINISTERIO DOS DIREITOS HUMANOS E CIDADANI,810005 - CGL/MDH,00113/2020,37.131.927/0001-70 - NORTHWARE COMERCIO E SERVICOS LTDA,2020-12-18,2023-12-17,"R$ 174.624,00",1,"R$ 174.624,00",Consulta Contratos Contratos.gov.br Min Direitos Humanos 81000,37131927000170,NORTHWARE COMERCIO E SERVICOS LTDA,0,0,37131927000170
81000 - MINISTERIO DOS DIREITOS HUMANOS E CIDADANI,810005 - CGL/MDH,00120/2020,19.877.285/0002-52 - LANLINK SOLUCOES E COMERCIALIZACAO EM INFORMATICA S/A,2020-12-30,2023-12-29,"R$ 5.436.322,04",1,"R$ 5.436.322,04",Consulta Contratos Contratos.gov.br Min Direitos Humanos 81000,19877285000252,LANLINK SOLUCOES E COMERCIALIZACAO EM INFORMATICA S/A,0,0,19877285000252
81000 - MINISTERIO DOS DIREITOS HUMANOS E CIDADANI,810005 - CGL/MDH,00073/2020,37.131.927/0001-70 - NORTHWARE COMERCIO E SERVICOS LTDA,2020-12-02,2022-12-01,"R$ 9.986.310,00",1,"R$ 9.986.310,00",Consulta Contratos Contratos.gov.br Min Direitos Humanos 81000,37131927000170,NORTHWARE COMERCIO E SERVICOS LTDA,0,0,37131927000170
81000 - MINISTERIO DOS DIREITOS HUMANOS E CIDADANI,810005 - CGL/MDH,00051/2022,21.547.011/0001-66 - ALLTECH - SOLUCOES EM TECNOLOGIA LTDA,2022-06-06,2026-06-05,"R$ 806.380,29",1,"R$ 806.380,29",Consulta Contratos Contratos.gov.br Min Direitos Humanos 81000,21547011000166,ALLTECH - SOLUCOES EM TECNOLOGIA LTDA,0,0,21547011000166
81000 - MINISTERIO DOS DIREITOS HUMANOS E CIDADANI,810005 - CGL/MDH,00045/2020,21.547.011/0001-66 - ALLTECH - SOLUCOES EM TECNOLOGIA LTDA,2020-06-19,2025-06-18,"R$ 558.850,00",1,"R$ 558.850,00",Consulta Contratos Contratos.gov.br Min Direitos Humanos 81000,21547011000166,ALLTECH - SOLUCOES EM TECNOLOGIA LTDA,0,0,21547011000166
81000 - MINISTERIO DOS DIREITOS HUMANOS E CIDADANI,810005 - CGL/MDH,00050/2023,07.432.517/0001-07 - SIMPRESS COMERCIO LOCACAO E SERVICOS LTDA,2024-01-02,2026-07-01,"R$ 1.016.503,45",2,"R$ 508.251,73",Consulta Contratos Contratos.gov.br Min Direitos Humanos 81000,7432517000107,SIMPRESS COMERCIO LOCACAO E SERVICOS LTDA,0,0,07432517000107
26000 - MINISTERIO DA EDUCACAO,152005 - INES-RJ,00001/2024,39.140.223/0001-90 - WALL STREET VIDEO E TECNOLOGIA LTDA,2024-01-15,2025-01-15,"R$ 1.669.545,93",1,"R$ 1.669.545,93",Consulta Contratos Contratos.gov.br Min Educação 26000,39140223000190,WALL STREET VIDEO E TECNOLOGIA LTDA,0,0,39140223000190
26000 - MINISTERIO DA EDUCACAO,150004 - STIC,00003/2020,12.130.013/0003-26 - GLOBALWEB OUTSOURCING DO BRASIL S.A.,2020-02-28,2025-08-28,"R$ 12.749.196,48",6,"R$ 2.124.866,08",Consulta Contratos Contratos.gov.br Min Educação 26000,12130013000326,GLOBALWEB OUTSOURCING DO BRASIL S.A.,0,0,12130013000326
26000 - MINISTERIO DA EDUCACAO,150004 - STIC,00003/2021,00.306.524/0003-77 - LEISTUNG COMERCIO E SERVICOS DE SISTEMAS DE ENERGIA LTDA.,2021-02-05,2026-02-05,"R$ 1.295.270,38",12,"R$ 107.939,20",Consulta Contratos Contratos.gov.br Min Educação 26000,306524000377,LEISTUNG COMERCIO E SERVICOS DE SISTEMAS DE ENERGIA LTDA.,0,0,00306524000377
26000 - MINISTERIO DA EDUCACAO,152005 - INES-RJ,00004/2024,05.630.085/0001-05 - VICMA COMERCIO DE EQUIPAMENTOS PARA ESCRITORIO LTDA,2024-02-01,2026-02-01,"R$ 60.000,00",1,"R$ 60.000,00",Consulta Contratos Contratos.gov.br Min Educação 26000,5630085000105,VICMA COMERCIO DE EQUIPAMENTOS PARA ESCRITORIO LTDA,0,0,05630085000105
26000 - MINISTERIO DA EDUCACAO,150004 - STIC,00006/2022,01.936.069/0010-85 - DIGISYSTEM SERVICOS ESPECIALIZADOS LTDA,2022-03-10,2026-03-10,"R$ 41.885.824,68",12,"R$ 3.490.485,39",Consulta Contratos Contratos.gov.br Min Educação 26000,1936069001085,DIGISYSTEM SERVICOS ESPECIALIZADOS LTDA,0,0,01936069001085
26000 - MINISTERIO DA EDUCACAO,152005 - INES-RJ,00006/2022,39.725.594/0001-33 - REEDUCATION CONSULTORIA E TECNOLOGIA LTDA.,2022-05-09,2025-05-09,"R$ 103.179,00",1,"R$ 103.179,00",Consulta Contratos Contratos.gov.br Min Educação 26000,39725594000133,REEDUCATION CONSULTORIA E TECNOLOGIA LTDA.,0,0,39725594000133
26000 - MINISTERIO DA EDUCACAO,150004 - STIC,00007/2023,10.525.408/0001-30 - EZLY TECNOLOGIA LTDA,2023-03-13,2024-03-13,"R$ 15.019,30",1,"R$ 15.019,30",Consulta Contratos Contratos.gov.br Min Educação 26000,10525408000130,EZLY TECNOLOGIA LTDA,0,0,10525408000130
26000 - MINISTERIO DA EDUCACAO,150004 - STIC,00008/2022,09.024.896/0001-13 - INB TECNOLOGIA LTDA,2022-03-16,2026-03-16,"R$ 154.239,21",12,"R$ 12.853,27",Consulta Contratos Contratos.gov.br Min Educação 26000,9024896000113,INB TECNOLOGIA LTDA,0,0,09024896000113
26000 - MINISTERIO DA EDUCACAO,152005 - INES-RJ,00008/2023,21.748.841/0001-51 - TECNETWORKING SERVICOS E SOLUCOES EM TI LTDA,2023-05-16,2026-05-16,"R$ 78.650,00",1,"R$ 78.650,00",Consulta Contratos Contratos.gov.br Min Educação 26000,21748841000151,TECNETWORKING SERVICOS E SOLUCOES EM TI LTDA,0,0,21748841000151
26000 - MINISTERIO DA EDUCACAO,150004 - STIC,00009/2019,02.558.157/0001-62 - TELEFONICA BRASIL S.A.,2019-03-08,2024-12-13,"R$ 271.907,52",12,"R$ 22.658,96",Consulta Contratos Contratos.gov.br Min Educação 26000,2558157000162,TELEFONICA BRASIL S.A.,0,0,02558157000162
26000 - MINISTERIO DA EDUCACAO,150004 - STIC,00010/2019,18.799.897/0001-20 - DIGISEC CERTIFICACAO DIGITAL LTDA,2019-04-16,2022-04-16,"R$ 88.741,00",12,"R$ 7.395,08",Consulta Contratos Contratos.gov.br Min Educação 26000,18799897000120,DIGISEC CERTIFICACAO DIGITAL LTDA,0,0,18799897000120
26000 - MINISTERIO DA EDUCACAO,150004 - STIC,00010/2023,50.086.075/0001-05 - GEOSITE TECNOLOGIA S.A.,2023-06-07,2024-06-07,"R$ 45.086,95",1,"R$ 45.086,95",Consulta Contratos Contratos.gov.br Min Educação 26000,50086075000105,GEOSITE TECNOLOGIA S.A.,0,0,50086075000105
26000 - MINISTERIO DA EDUCACAO,150004 - STIC,00014/2019,04.238.297/0001-89 - 3CORP TECHNOLOGY INFRAESTRUTURA DE TELECOM LTDA.,2019-07-02,2024-07-02,"R$ 157.339,14",12,"R$ 13.111,60",Consulta Contratos Contratos.gov.br Min Educação 26000,4238297000189,3CORP TECHNOLOGY INFRAESTRUTURA DE TELECOM LTDA.,0,0,04238297000189
26000 - MINISTERIO DA EDUCACAO,152005 - INES-RJ,00014/2022,01.590.728/0009-30 - MICROTECNICA INFORMATICA LTDA,2022-08-03,2022-09-01,"R$ 847.565,64",1,"R$ 847.565,64",Consulta Contratos Contratos.gov.br Min Educação 26000,1590728000930,MICROTECNICA INFORMATICA LTDA,0,1,01590728000930
26000 - MINISTERIO DA EDUCACAO,150004 - STIC,00014/2023,03.698.620/0005-68 - GREEN4T SOLUCOES TI LTDA,2023-07-28,2025-07-28,"R$ 753.324,53",12,"R$ 62.777,04",Consulta Contratos Contratos.gov.br Min Educação 26000,3698620000568,GREEN4T SOLUCOES TI LTDA,0,0,03698620000568
26000 - MINISTERIO DA EDUCACAO,150004 - STIC,00015/2023,11.168.199/0003-40 - HITSS DO BRASIL SERVICOS TECNOLOGICOS LTDA.,2023-08-01,2025-08-01,"R$ 20.494.650,63",12,"R$ 1.707.887,55",Consulta Contratos Contratos.gov.br Min Educação 26000,11168199000340,HITSS DO BRASIL SERVICOS TECNOLOGICOS LTDA.,0,0,11168199000340
26000 - MINISTERIO DA EDUCACAO,152005 - INES-RJ,00015/2024,47.461.594/0001-00 - 47.461.594 LEANDRO VINICIUS BETTI,2024-02-04,2024-03-20,"R$ 3.000,00",1,"R$ 3.000,00",Consulta Contratos Contratos.gov.br Min Educação 26000,47461594000100,47.461.594 LEANDRO VINICIUS BETTI,0,0,47461594000100
26000 - MINISTERIO DA EDUCACAO,152005 - INES-RJ,00016/2020,07.042.421/0001-24 - INFOPLEM INFORMATICA LTDA,2021-01-26,2021-04-25,"R$ 101.854,00",1,"R$ 101.854,00",Consulta Contratos Contratos.gov.br Min Educação 26000,7042421000124,INFOPLEM INFORMATICA LTDA,0,0,07042421000124
26000 - MINISTERIO DA EDUCACAO,152005 - INES-RJ,00016/2023,07.045.469/0001-96 - ATA SISTEMAS DE ENERGIA LTDA,2023-08-30,2023-11-28,"R$ 214.900,00",1,"R$ 214.900,00",Consulta Contratos Contratos.gov.br Min Educação 26000,7045469000196,ATA SISTEMAS DE ENERGIA LTDA,0,0,07045469000196
26000 - MINISTERIO DA EDUCACAO,152005 - INES-RJ,00017/2023,"66.582.784/0001-11 - MAPDATA-TECNOLOGIA,INFORMATICA E COMERCIO LTDA",2023-09-20,2026-09-20,"R$ 61.593,00",1,"R$ 61.593,00",Consulta Contratos Contratos.gov.br Min Educação 26000,66582784000111,"MAPDATA-TECNOLOGIA,INFORMATICA E COMERCIO LTDA",0,0,66582784000111
26000 - MINISTERIO DA EDUCACAO,150004 - STIC,00019/2023,26.086.569/0001-05 - VERY TECNOLOGIA LTDA,2023-08-15,2025-08-15,"R$ 17.232.669,98",1,"R$ 17.232.669,98",Consulta Contratos Contratos.gov.br Min Educação 26000,26086569000105,VERY TECNOLOGIA LTDA,0,0,26086569000105
26000 - MINISTERIO DA EDUCACAO,150004 - STIC,00021/2023,"10.258.323/0001-33 - UNIC SOLUTIONS  -  COMERCIO, IMPORTACAO  E  SERVICOS  DE  INFORMATICA  LTDA",2023-10-05,2025-10-05,"R$ 1.588.728,78",12,"R$ 132.394,07",Consulta Contratos Contratos.gov.br Min Educação 26000,10258323000133,"UNIC SOLUTIONS  -  COMERCIO, IMPORTACAO  E  SERVICOS  DE  INFORMATICA  LTDA",0,0,10258323000133
26000 - MINISTERIO DA EDUCACAO,150004 - STIC,00026/2024,02.558.157/0001-62 - TELEFONICA BRASIL S.A.,2024-12-13,2027-12-13,"R$ 148.531,98",36,"R$ 4.125,89",Consulta Contratos Contratos.gov.br Min Educação 26000,2558157000162,TELEFONICA BRASIL S.A.,0,0,02558157000162
26000 - MINISTERIO DA EDUCACAO,150004 - STIC,00028/2021,07.432.517/0001-07 - SIMPRESS COMERCIO LOCACAO E SERVICOS LTDA,2021-10-14,2025-10-14,"R$ 844.584,48",12,"R$ 70.382,04",Consulta Contratos Contratos.gov.br Min Educação 26000,7432517000107,SIMPRESS COMERCIO LOCACAO E SERVICOS LTDA,0,0,07432517000107
26000 - MINISTERIO DA EDUCACAO,150004 - STIC,00048/2024,26.086.569/0001-05 - VERY TECNOLOGIA LTDA,2024-12-31,2027-12-31,"R$ 3.392.650,00",1,"R$ 3.392.650,00",Consulta Contratos Contratos.gov.br Min Educação 26000,26086569000105,VERY TECNOLOGIA LTDA,0,0,26086569000105
25000 - MINISTERIO DA FAZENDA,170008 - PGFN/MF,00001/2021,11.905.103/0001-17 - LIGHTBASE SERVICOS E CONSULTORIA EM SOFTWARE PUBLICO LTDA,2021-05-11,2026-05-10,"R$ 2.963.484,00",12,"R$ 246.957,00",Consulta Contratos Contratos.gov.br Min Fazenda 25000,11905103000117,LIGHTBASE SERVICOS E CONSULTORIA EM SOFTWARE PUBLICO LTDA,0,0,11905103000117
25000 - MINISTERIO DA FAZENDA,170008 - PGFN/MF,00001/2022,11.508.825/0001-38 - RJR SERVICOS DE INFORMATICA LTDA,2022-01-20,2027-01-19,"R$ 12.985.240,00",36,"R$ 360.701,11",Consulta Contratos Contratos.gov.br Min Fazenda 25000,11508825000138,RJR SERVICOS DE INFORMATICA LTDA,0,0,11508825000138
25000 - MINISTERIO DA FAZENDA,170007 - SUCOP-STN,00001/2023,38.064.420/0001-04 - CYBER LABS TECNOLOGIA LTDA,2023-02-24,2026-03-25,"R$ 51.800,00",1,"R$ 51.800,00",Consulta Contratos Contratos.gov.br Min Fazenda 25000,38064420000104,CYBER LABS TECNOLOGIA LTDA,0,0,38064420000104
25000 - MINISTERIO DA FAZENDA,170133 - SRRF08,00001/2024,07.432.517/0001-07 - SIMPRESS COMERCIO LOCACAO E SERVICOS LTDA,2024-03-01,2028-02-29,"R$ 2.406.017,83",1,"R$ 2.406.017,83",Consulta Contratos Contratos.gov.br Min Fazenda 25000,7432517000107,SIMPRESS COMERCIO LOCACAO E SERVICOS LTDA,0,0,07432517000107
25000 - MINISTERIO DA FAZENDA,170262 - DRF S.J. DOS CAMPOS,00002/2018,07.432.517/0001-07 - SIMPRESS COMERCIO LOCACAO E SERVICOS LTDA,2018-08-01,2023-07-31,"R$ 47.511,48",1,"R$ 47.511,48",Consulta Contratos Contratos.gov.br Min Fazenda 25000,7432517000107,SIMPRESS COMERCIO LOCACAO E SERVICOS LTDA,0,0,07432517000107
25000 - MINISTERIO DA FAZENDA,170116 - SRRF07,00002/2018,07.432.517/0001-07 - SIMPRESS COMERCIO LOCACAO E SERVICOS LTDA,2018-09-24,2023-09-24,"R$ 99.001,53",12,"R$ 8.250,13",Consulta Contratos Contratos.gov.br Min Fazenda 25000,7432517000107,SIMPRESS COMERCIO LOCACAO E SERVICOS LTDA,0,0,07432517000107
25000 - MINISTERIO DA FAZENDA,170072 - DRF ARACAJU,00002/2020,02.902.072/0001-50 - QUALYCOPY COMERCIO E SERVICOS LTDA,2020-04-01,2025-03-31,"R$ 121.363,20",48,"R$ 2.528,40",Consulta Contratos Contratos.gov.br Min Fazenda 25000,2902072000150,QUALYCOPY COMERCIO E SERVICOS LTDA,0,0,02902072000150
25000 - MINISTERIO DA FAZENDA,170116 - SRRF07,00002/2021,07.432.517/0001-07 - SIMPRESS COMERCIO LOCACAO E SERVICOS LTDA,2021-03-15,2026-03-15,"R$ 343.219,55",12,"R$ 28.601,63",Consulta Contratos Contratos.gov.br Min Fazenda 25000,7432517000107,SIMPRESS COMERCIO LOCACAO E SERVICOS LTDA,0,0,07432517000107
25000 - MINISTERIO DA FAZENDA,170008 - PGFN/MF,00002/2022,07.432.517/0001-07 - SIMPRESS COMERCIO LOCACAO E SERVICOS LTDA,2022-05-02,2026-05-01,"R$ 2.676.769,71",24,"R$ 111.532,07",Consulta Contratos Contratos.gov.br Min Fazenda 25000,7432517000107,SIMPRESS COMERCIO LOCACAO E SERVICOS LTDA,0,0,07432517000107
25000 - MINISTERIO DA FAZENDA,170010 - RFB/ME,00002/2023,"94.316.916/0005-22 - LTA-RH INFORMATICA, COMERCIO, REPRESENTACOES LTDA",2023-01-12,2024-01-12,"R$ 213.200,00",1,"R$ 213.200,00",Consulta Contratos Contratos.gov.br Min Fazenda 25000,94316916000522,"LTA-RH INFORMATICA, COMERCIO, REPRESENTACOES LTDA",0,0,94316916000522
25000 - MINISTERIO DA FAZENDA,170007 - SUCOP-STN,00002/2024,23.518.065/0001-29 - XP ON CONSULTORIA LTDA,2024-05-10,2026-05-10,"R$ 196.200,00",1,"R$ 196.200,00",Consulta Contratos Contratos.gov.br Min Fazenda 25000,23518065000129,XP ON CONSULTORIA LTDA,0,0,23518065000129
25000 - MINISTERIO DA FAZENDA,170479 - CARF,00002/2024,23.880.630/0002-84 - WETALK TECNOLOGIA DA INFORMACAO LTDA,2024-05-02,2025-05-02,"R$ 419.000,00",1,"R$ 419.000,00",Consulta Contratos Contratos.gov.br Min Fazenda 25000,23880630000284,WETALK TECNOLOGIA DA INFORMACAO LTDA,0,0,23880630000284
25000 - MINISTERIO DA FAZENDA,201057 - CENTRAL/MGI,00002/2024,04.305.879/0001-30 - S3ENG - TECNOLOGIA APLICADA A ENGENHARIA LTDA - ALTOQI,2024-08-14,2025-02-13,"R$ 0,01",1,"R$ 0,01",Consulta Contratos Contratos.gov.br Min Fazenda 25000,4305879000130,S3ENG - TECNOLOGIA APLICADA A ENGENHARIA LTDA - ALTOQI,0,0,04305879000130
25000 - MINISTERIO DA FAZENDA,170088 - SRRF06,00003/2020,07.346.326/0001-14 - REPROS SOLUCOES EM TECNOLOGIA LTDA,2020-04-01,2023-03-31,"R$ 71.905,68",36,"R$ 1.997,38",Consulta Contratos Contratos.gov.br Min Fazenda 25000,7346326000114,REPROS SOLUCOES EM TECNOLOGIA LTDA,0,0,07346326000114
25000 - MINISTERIO DA FAZENDA,170116 - SRRF07,00003/2021,07.432.517/0001-07 - SIMPRESS COMERCIO LOCACAO E SERVICOS LTDA,2021-03-15,2026-03-15,"R$ 66.937,68",12,"R$ 5.578,14",Consulta Contratos Contratos.gov.br Min Fazenda 25000,7432517000107,SIMPRESS COMERCIO LOCACAO E SERVICOS LTDA,0,0,07432517000107
25000 - MINISTERIO DA FAZENDA,170479 - CARF,00003/2024,23.518.065/0001-29 - XP ON CONSULTORIA LTDA,2024-05-02,2025-05-02,"R$ 65.400,00",1,"R$ 65.400,00",Consulta Contratos Contratos.gov.br Min Fazenda 25000,23518065000129,XP ON CONSULTORIA LTDA,0,0,23518065000129
25000 - MINISTERIO DA FAZENDA,170088 - SRRF06,00004/2022,05.506.933/0001-79 - WEBDOC LOCACOES LTDA,2022-10-03,2026-10-02,"R$ 400.140,00",48,"R$ 8.336,25",Consulta Contratos Contratos.gov.br Min Fazenda 25000,5506933000179,WEBDOC LOCACOES LTDA,0,0,05506933000179
25000 - MINISTERIO DA FAZENDA,170010 - RFB/ME,00006/2022,"94.316.916/0005-22 - LTA-RH INFORMATICA, COMERCIO, REPRESENTACOES LTDA",2022-04-14,2023-04-14,"R$ 8.571.800,00",1,"R$ 8.571.800,00",Consulta Contratos Contratos.gov.br Min Fazenda 25000,94316916000522,"LTA-RH INFORMATICA, COMERCIO, REPRESENTACOES LTDA",0,0,94316916000522
25000 - MINISTERIO DA FAZENDA,170007 - SUCOP-STN,00008/2023,07.322.276/0001-35 - SYDLE SISTEMAS LTDA,2023-12-11,2026-12-11,"R$ 867.967,80",1,"R$ 867.967,80",Consulta Contratos Contratos.gov.br Min Fazenda 25000,7322276000135,SYDLE SISTEMAS LTDA,0,0,07322276000135
25000 - MINISTERIO DA FAZENDA,170078 - SRRF05,00009/2022,23.518.065/0001-29 - XP ON CONSULTORIA LTDA,2022-12-16,2027-12-16,"R$ 68.997,00",1,"R$ 68.997,00",Consulta Contratos Contratos.gov.br Min Fazenda 25000,23518065000129,XP ON CONSULTORIA LTDA,0,0,23518065000129
25000 - MINISTERIO DA FAZENDA,170010 - RFB/ME,00009/2024,23.518.065/0001-29 - XP ON CONSULTORIA LTDA,2024-04-17,2025-04-16,"R$ 218.000,00",1,"R$ 218.000,00",Consulta Contratos Contratos.gov.br Min Fazenda 25000,23518065000129,XP ON CONSULTORIA LTDA,0,0,23518065000129
25000 - MINISTERIO DA FAZENDA,170007 - SUCOP-STN,00010/2022,23.518.065/0001-29 - XP ON CONSULTORIA LTDA,2022-12-08,2027-12-08,"R$ 137.994,00",1,"R$ 137.994,00",Consulta Contratos Contratos.gov.br Min Fazenda 25000,23518065000129,XP ON CONSULTORIA LTDA,0,0,23518065000129
25000 - MINISTERIO DA FAZENDA,170010 - RFB/ME,00010/2024,23.880.630/0002-84 - WETALK TECNOLOGIA DA INFORMACAO LTDA,2024-04-17,2025-04-16,"R$ 289.500,00",1,"R$ 289.500,00",Consulta Contratos Contratos.gov.br Min Fazenda 25000,23880630000284,WETALK TECNOLOGIA DA INFORMACAO LTDA,0,0,23880630000284
25000 - MINISTERIO DA FAZENDA,201057 - CENTRAL/MGI,00013/2023,07.322.276/0001-35 - SYDLE SISTEMAS LTDA,2023-10-27,2026-10-26,"R$ 16.639.095,79",1,"R$ 16.639.095,79",Consulta Contratos Contratos.gov.br Min Fazenda 25000,7322276000135,SYDLE SISTEMAS LTDA,0,0,07322276000135
25000 - MINISTERIO DA FAZENDA,170078 - SRRF05,00014/2022,20.324.748/0001-57 - VLP NOBREAKS E ESTABILIZADORES LTDA,2022-12-23,2024-12-23,"R$ 105.930,00",1,"R$ 105.930,00",Consulta Contratos Contratos.gov.br Min Fazenda 25000,20324748000157,VLP NOBREAKS E ESTABILIZADORES LTDA,0,0,20324748000157
25000 - MINISTERIO DA FAZENDA,170156 - SRRF09,00030/2024,23.518.065/0001-29 - XP ON CONSULTORIA LTDA,2024-07-11,2025-07-11,"R$ 218.000,00",1,"R$ 218.000,00",Consulta Contratos Contratos.gov.br Min Fazenda 25000,23518065000129,XP ON CONSULTORIA LTDA,0,0,23518065000129
25000 - MINISTERIO DA FAZENDA,170177 - SRRF10,00031/2024,07.756.651/0001-55 - BRASIL TECPAR SERVICOS DE TELECOMUNICACOES S.A,2024-02-01,2025-01-31,"R$ 15.720,00",1,"R$ 15.720,00",Consulta Contratos Contratos.gov.br Min Fazenda 25000,7756651000155,BRASIL TECPAR SERVICOS DE TELECOMUNICACOES S.A,0,0,07756651000155
25000 - MINISTERIO DA FAZENDA,170156 - SRRF09,00031/2024,23.880.630/0002-84 - WETALK TECNOLOGIA DA INFORMACAO LTDA,2024-07-11,2025-07-11,"R$ 57.900,00",1,"R$ 57.900,00",Consulta Contratos Contratos.gov.br Min Fazenda 25000,23880630000284,WETALK TECNOLOGIA DA INFORMACAO LTDA,0,0,23880630000284
25000 - MINISTERIO DA FAZENDA,170177 - SRRF10,00032/2024,10.773.501/0001-64 - OSIRNET INFO TELECOM LTDA,2024-02-01,2025-01-31,"R$ 15.820,20",1,"R$ 15.820,20",Consulta Contratos Contratos.gov.br Min Fazenda 25000,10773501000164,OSIRNET INFO TELECOM LTDA,0,0,10773501000164
25000 - MINISTERIO DA FAZENDA,170018 - SRRF01,00098/2021,09.093.813/0001-48 - TITANIA COMERCIO E SERVICOS DE TECNOLOGIA DA INFORMACAO LTDA,2022-01-01,2024-12-31,"R$ 757,95",1,"R$ 757,95",Consulta Contratos Contratos.gov.br Min Fazenda 25000,9093813000148,TITANIA COMERCIO E SERVICOS DE TECNOLOGIA DA INFORMACAO LTDA,0,0,09093813000148
25000 - MINISTERIO DA FAZENDA,170116 - SRRF07,2020NE800088,12.045.633/0001-03 - E-MEX TELECOMUNICACOES DO BRASIL LTDA,2019-08-01,2024-08-01,"R$ 10.194,00",1,"R$ 10.194,00",Consulta Contratos Contratos.gov.br Min Fazenda 25000,12045633000103,E-MEX TELECOMUNICACOES DO BRASIL LTDA,0,0,12045633000103
25000 - MINISTERIO DA FAZENDA,170116 - SRRF07,2020NE800090,76.535.764/0001-43 - OI S.A. - EM RECUPERACAO JUDICIAL,2019-08-02,2024-08-02,"R$ 11.116,80",1,"R$ 11.116,80",Consulta Contratos Contratos.gov.br Min Fazenda 25000,76535764000143,OI S.A. - EM RECUPERACAO JUDICIAL,0,1,76535764000143
25000 - MINISTERIO DA FAZENDA,170018 - SRRF01,2021NE000097,25.452.912/0001-25 - SEEG FIBRAS TELECOMUNICACOES LTDA,2022-01-01,2024-12-31,"R$ 8.576,40",1,"R$ 8.576,40",Consulta Contratos Contratos.gov.br Min Fazenda 25000,25452912000125,SEEG FIBRAS TELECOMUNICACOES LTDA,0,0,25452912000125
25000 - MINISTERIO DA FAZENDA,170018 - SRRF01,2022NE000002,07.312.415/0001-40 - NELSON VIDOVIX SEGURA & CIA LTDA,2022-01-24,2024-12-31,"R$ 12.920,00",1,"R$ 12.920,00",Consulta Contratos Contratos.gov.br Min Fazenda 25000,7312415000140,NELSON VIDOVIX SEGURA & CIA LTDA,0,0,07312415000140
25000 - MINISTERIO DA FAZENDA,170097 - DRF UBERLANDIA,2023NE000094,20.859.451/0001-96 - TECHWEL COMERCIO LOCACOES & SERVICOS LTDA,2023-07-25,2024-12-31,"R$ 5.439,66",17,"R$ 319,98",Consulta Contratos Contratos.gov.br Min Fazenda 25000,20859451000196,TECHWEL COMERCIO LOCACOES & SERVICOS LTDA,0,0,20859451000196
25000 - MINISTERIO DA FAZENDA,170010 - RFB/ME,2024NE000156,06.132.270/0001-32 - SOLLICITA NEGOCIOS PUBLICOS LTDA,2024-08-22,2025-08-21,"R$ 36.558,40",1,"R$ 36.558,40",Consulta Contratos Contratos.gov.br Min Fazenda 25000,6132270000132,SOLLICITA NEGOCIOS PUBLICOS LTDA,0,0,06132270000132
25000 - MINISTERIO DA FAZENDA,170010 - RFB/ME,2024NE000202,27.539.332/0001-03 - TIMBERLAKE ANALYTICS SOFTWARE LTDA,2024-07-29,2026-07-28,"R$ 24.658,34",1,"R$ 24.658,34",Consulta Contratos Contratos.gov.br Min Fazenda 25000,27539332000103,TIMBERLAKE ANALYTICS SOFTWARE LTDA,0,0,27539332000103
53000 - MINIST. DA INTEGR. E DO DESENVOLV. REGIONA,530001 - MIDR/ADM.GERAL,00023/2021,07.432.517/0001-07 - SIMPRESS COMERCIO LOCACAO E SERVICOS LTDA,2021-05-06,2026-05-06,"R$ 467.742,21",12,"R$ 38.978,52",Consulta Contratos Contratos.gov.br Min Int e Des Reg 53000,7432517000107,SIMPRESS COMERCIO LOCACAO E SERVICOS LTDA,0,0,07432517000107
53000 - MINIST. DA INTEGR. E DO DESENVOLV. REGIONA,530001 - MIDR/ADM.GERAL,00002/2024,19.877.285/0002-52 - LANLINK SOLUCOES E COMERCIALIZACAO EM INFORMATICA S/A,2024-03-12,2027-03-12,"R$ 11.934.797,52",36,"R$ 331.522,15",Consulta Contratos Contratos.gov.br Min Int e Des Reg 53000,19877285000252,LANLINK SOLUCOES E COMERCIALIZACAO EM INFORMATICA S/A,0,0,19877285000252
53000 - MINIST. DA INTEGR. E DO DESENVOLV. REGIONA,530001 - MIDR/ADM.GERAL,00006/2022,21.547.011/0001-66 - ALLTECH - SOLUCOES EM TECNOLOGIA LTDA,2022-02-01,2026-02-01,"R$ 2.323.823,15",12,"R$ 193.651,93",Consulta Contratos Contratos.gov.br Min Int e Des Reg 53000,21547011000166,ALLTECH - SOLUCOES EM TECNOLOGIA LTDA,0,0,21547011000166
30000 - MINISTERIO DA JUSTICA E SEGURANCA PUBLICA,200247 - ARQUIVO NACIONAL,00005/2024,09.137.728/0001-34 - NTSEC SOLUCOES EM TELEINFORMATICA LTDA,2024-10-25,2027-10-24,"R$ 928.884,36",1,"R$ 928.884,36",Consulta Contratos Contratos.gov.br Min Justiça 30000,9137728000134,NTSEC SOLUCOES EM TELEINFORMATICA LTDA,0,0,09137728000134
30000 - MINISTERIO DA JUSTICA E SEGURANCA PUBLICA,200005 - CGL/MJ,00007/2023,04.724.924/0001-91 - ACTIVEWEB TECHNOLOGIES INFORMATICA LTDA,2023-04-15,2027-04-15,"R$ 1.330,22",1,"R$ 1.330,22",Consulta Contratos Contratos.gov.br Min Justiça 30000,4724924000191,ACTIVEWEB TECHNOLOGIES INFORMATICA LTDA,0,0,04724924000191
30000 - MINISTERIO DA JUSTICA E SEGURANCA PUBLICA,200247 - ARQUIVO NACIONAL,00009/2022,03.698.620/0005-68 - GREEN4T SOLUCOES TI LTDA,2022-09-02,2025-09-02,"R$ 600.972,92",12,"R$ 50.081,08",Consulta Contratos Contratos.gov.br Min Justiça 30000,3698620000568,GREEN4T SOLUCOES TI LTDA,0,0,03698620000568
30000 - MINISTERIO DA JUSTICA E SEGURANCA PUBLICA,200247 - ARQUIVO NACIONAL,00012/2021,19.585.941/0001-62 - SATURNO PAR LTDA,2022-02-14,2023-02-14,"R$ 40.878,00",1,"R$ 40.878,00",Consulta Contratos Contratos.gov.br Min Justiça 30000,19585941000162,SATURNO PAR LTDA,0,0,19585941000162
30000 - MINISTERIO DA JUSTICA E SEGURANCA PUBLICA,200247 - ARQUIVO NACIONAL,00012/2024,22.806.341/0001-91 - ACTION IT SERVICOS DE INFORMATICA LTDA,2024-11-14,2025-11-14,"R$ 45.000,00",1,"R$ 45.000,00",Consulta Contratos Contratos.gov.br Min Justiça 30000,22806341000191,ACTION IT SERVICOS DE INFORMATICA LTDA,0,0,22806341000191
30000 - MINISTERIO DA JUSTICA E SEGURANCA PUBLICA,200247 - ARQUIVO NACIONAL,00013/2021,07.047.183/0001-40 - IPQ TECNOLOGIA LTDA,2022-03-03,2027-03-03,"R$ 698.900,00",1,"R$ 698.900,00",Consulta Contratos Contratos.gov.br Min Justiça 30000,7047183000140,IPQ TECNOLOGIA LTDA,0,0,07047183000140
30000 - MINISTERIO DA JUSTICA E SEGURANCA PUBLICA,200247 - ARQUIVO NACIONAL,00014/2020,37.131.927/0002-51 - NORTHWARE COMERCIO E SERVICOS LTDA,2021-04-08,2026-04-08,"R$ 196.000,00",1,"R$ 196.000,00",Consulta Contratos Contratos.gov.br Min Justiça 30000,37131927000251,NORTHWARE COMERCIO E SERVICOS LTDA,0,0,37131927000251
30000 - MINISTERIO DA JUSTICA E SEGURANCA PUBLICA,200247 - ARQUIVO NACIONAL,00014/2021,71.208.516/0001-74 - ALGAR TELECOM S/A,2022-04-12,2026-04-12,"R$ 27.086,52",12,"R$ 2.257,21",Consulta Contratos Contratos.gov.br Min Justiça 30000,71208516000174,ALGAR TELECOM S/A,0,0,71208516000174
30000 - MINISTERIO DA JUSTICA E SEGURANCA PUBLICA,200247 - ARQUIVO NACIONAL,00015/2020,08.210.265/0001-26 - DATA CORPORE SERVICOS DE TELECOMUNICACOES E INFORMATICA LTDA,2021-02-02,2026-02-02,"R$ 35.810,16",12,"R$ 2.984,18",Consulta Contratos Contratos.gov.br Min Justiça 30000,8210265000126,DATA CORPORE SERVICOS DE TELECOMUNICACOES E INFORMATICA LTDA,0,0,08210265000126
30000 - MINISTERIO DA JUSTICA E SEGURANCA PUBLICA,200247 - ARQUIVO NACIONAL,00015/2022,18.494.193/0001-40 - MULTITECNOLOGIA SERVICOS DE INFORMATICA LTDA,2022-11-30,2025-11-30,"R$ 1.559.767,88",36,"R$ 43.326,89",Consulta Contratos Contratos.gov.br Min Justiça 30000,18494193000140,MULTITECNOLOGIA SERVICOS DE INFORMATICA LTDA,0,0,18494193000140
30000 - MINISTERIO DA JUSTICA E SEGURANCA PUBLICA,200005 - CGL/MJ,00019/2023,31.862.002/0001-13 - GLOBAL SEC. TECNOLOGIA & INFORMACAO LTDA,2023-10-09,2024-10-09,"R$ 4.836.000,00",1,"R$ 4.836.000,00",Consulta Contratos Contratos.gov.br Min Justiça 30000,31862002000113,GLOBAL SEC. TECNOLOGIA & INFORMACAO LTDA,0,0,31862002000113
30000 - MINISTERIO DA JUSTICA E SEGURANCA PUBLICA,200247 - ARQUIVO NACIONAL,00034/2023,01.590.728/0009-30 - MICROTECNICA INFORMATICA LTDA,2024-03-04,2025-03-04,"R$ 302.746,50",1,"R$ 302.746,50",Consulta Contratos Contratos.gov.br Min Justiça 30000,1590728000930,MICROTECNICA INFORMATICA LTDA,0,1,01590728000930
30000 - MINISTERIO DA JUSTICA E SEGURANCA PUBLICA,200005 - CGL/MJ,00037/2022,23.518.065/0001-29 - XP ON CONSULTORIA LTDA,2022-04-29,2027-04-29,"R$ 574.975,00",1,"R$ 574.975,00",Consulta Contratos Contratos.gov.br Min Justiça 30000,23518065000129,XP ON CONSULTORIA LTDA,0,0,23518065000129
30000 - MINISTERIO DA JUSTICA E SEGURANCA PUBLICA,200005 - CGL/MJ,00041/2024,12.625.657/0001-23 - BK TECNOLOGIA DA INFORMACAO LTDA,2024-10-31,2025-10-31,"R$ 2.007.000,00",1,"R$ 2.007.000,00",Consulta Contratos Contratos.gov.br Min Justiça 30000,12625657000123,BK TECNOLOGIA DA INFORMACAO LTDA,0,0,12625657000123
30000 - MINISTERIO DA JUSTICA E SEGURANCA PUBLICA,200005 - CGL/MJ,00046/2021,19.877.285/0002-52 - LANLINK SOLUCOES E COMERCIALIZACAO EM INFORMATICA S/A,2021-07-30,2025-07-30,"R$ 8.618.874,20",1,"R$ 8.618.874,20",Consulta Contratos Contratos.gov.br Min Justiça 30000,19877285000252,LANLINK SOLUCOES E COMERCIALIZACAO EM INFORMATICA S/A,0,0,19877285000252
30000 - MINISTERIO DA JUSTICA E SEGURANCA PUBLICA,200005 - CGL/MJ,00057/2021,04.724.924/0001-91 - ACTIVEWEB TECHNOLOGIES INFORMATICA LTDA,2021-10-18,2025-10-18,"R$ 1.415,75",1,"R$ 1.415,75",Consulta Contratos Contratos.gov.br Min Justiça 30000,4724924000191,ACTIVEWEB TECHNOLOGIES INFORMATICA LTDA,0,0,04724924000191
30000 - MINISTERIO DA JUSTICA E SEGURANCA PUBLICA,200005 - CGL/MJ,00089/2021,23.518.065/0001-29 - XP ON CONSULTORIA LTDA,2021-12-30,2026-12-30,"R$ 183.992,00",1,"R$ 183.992,00",Consulta Contratos Contratos.gov.br Min Justiça 30000,23518065000129,XP ON CONSULTORIA LTDA,0,0,23518065000129
44000 - MINIST. DO MEIO AMBIENTE E MUDANCA DO CLIM,440001 - CEOFI/SPOA/SECEX,00004/2021,10.592.394/0001-78 - BLUE - SOLUCOES INTELIGENTES LTDA,2021-07-08,2025-07-08,"R$ 1.605.628,48",12,"R$ 133.802,37",Consulta Contratos Contratos.gov.br Min Meio Ambiente 44000,10592394000178,BLUE - SOLUCOES INTELIGENTES LTDA,0,0,10592394000178
44000 - MINIST. DO MEIO AMBIENTE E MUDANCA DO CLIM,440001 - CEOFI/SPOA/SECEX,00003/2022,38.068.664/0001-65 - PRISMA SYS SERVICOS E COMERCIO DE INFORMATICA LTDA,2022-03-17,2026-03-17,"R$ 45.000,00",12,"R$ 3.750,00",Consulta Contratos Contratos.gov.br Min Meio Ambiente 44000,38068664000165,PRISMA SYS SERVICOS E COMERCIO DE INFORMATICA LTDA,0,0,38068664000165
32000 - MINISTERIO DE MINAS E ENERGIA,320004 - CSG/M.M.E,00001/2021,03.822.315/0002-93 - F9C SECURITY LTDA,2021-01-11,2022-01-11,"R$ 482.931,00",1,"R$ 482.931,00",Consulta Contratos Contratos.gov.br Min Minas 32000,3822315000293,F9C SECURITY LTDA,0,0,03822315000293
32000 - MINISTERIO DE MINAS E ENERGIA,320004 - CSG/M.M.E,00002/2024,35.473.014/0001-07 - TELEFONICA CLOUD E TECNOLOGIA DO BRASIL S.A.,2024-01-09,2029-01-09,"R$ 8.237.651,40",60,"R$ 8.237.651,40",Consulta Contratos Contratos.gov.br Min Minas 32000,35473014000107,TELEFONICA CLOUD E TECNOLOGIA DO BRASIL S.A.,0,0,35473014000107
32000 - MINISTERIO DE MINAS E ENERGIA,320004 - CSG/M.M.E,00005/2021,72.381.189/0001-10 - DELL COMPUTADORES DO BRASIL LTDA,2021-03-24,2023-03-23,"R$ 442.260,00",1,"R$ 442.260,00",Consulta Contratos Contratos.gov.br Min Minas 32000,72381189000110,DELL COMPUTADORES DO BRASIL LTDA,0,0,72381189000110
32000 - MINISTERIO DE MINAS E ENERGIA,320004 - CSG/M.M.E,00005/2023,01.936.069/0010-85 - DIGISYSTEM SERVICOS ESPECIALIZADOS LTDA,2023-07-12,2025-07-12,"R$ 6.907.326,60",1,"R$ 6.907.326,60",Consulta Contratos Contratos.gov.br Min Minas 32000,1936069001085,DIGISYSTEM SERVICOS ESPECIALIZADOS LTDA,0,0,01936069001085
32000 - MINISTERIO DE MINAS E ENERGIA,320004 - CSG/M.M.E,00014/2023,59.717.553/0006-17 - GRUPO MULTI S.A,2023-11-09,2024-11-09,"R$ 241.500,00",1,"R$ 241.500,00",Consulta Contratos Contratos.gov.br Min Minas 32000,59717553000617,GRUPO MULTI S.A,0,0,59717553000617
32000 - MINISTERIO DE MINAS E ENERGIA,320004 - CSG/M.M.E,00019/2022,68.558.972/0001-30 - G L S ENGENHARIA E CONSULTORIA LTDA,2022-12-13,2025-12-13,"R$ 259.660,46",1,"R$ 259.660,46",Consulta Contratos Contratos.gov.br Min Minas 32000,68558972000130,G L S ENGENHARIA E CONSULTORIA LTDA,0,0,68558972000130
32000 - MINISTERIO DE MINAS E ENERGIA,320004 - CSG/M.M.E,00038/2024,03.017.428/0001-35 - NCT INFORMATICA LTDA,2024-12-30,2025-12-30,"R$ 790.696,95",1,"R$ 790.696,95",Consulta Contratos Contratos.gov.br Min Minas 32000,3017428000135,NCT INFORMATICA LTDA,0,0,03017428000135
58000 - MINISTERIO DA PESCA E AQUICULTURA,580003 - CGGA/MPA,00020/2024,31.216.370/0001-94 - FATOR X TECNOLOGIA DIGITAL LTDA,2024-12-23,2025-12-23,"R$ 71.915,00",1,"R$ 71.915,00",Consulta Contratos Contratos.gov.br Min Pesca 58000,31216370000194,FATOR X TECNOLOGIA DIGITAL LTDA,0,0,31216370000194
58000 - MINISTERIO DA PESCA E AQUICULTURA,580003 - CGGA/MPA,00021/2024,81.243.735/0001-48 - POSITIVO TECNOLOGIA S.A.,2024-12-23,2025-12-23,"R$ 406.350,00",1,"R$ 406.350,00",Consulta Contratos Contratos.gov.br Min Pesca 58000,81243735000148,POSITIVO TECNOLOGIA S.A.,0,0,81243735000148
58000 - MINISTERIO DA PESCA E AQUICULTURA,580003 - CGGA/MPA,00013/2024,23.880.630/0002-84 - WETALK TECNOLOGIA DA INFORMACAO LTDA,2024-09-23,2025-09-22,"R$ 113.700,00",1,"R$ 113.700,00",Consulta Contratos Contratos.gov.br Min Pesca 58000,23880630000284,WETALK TECNOLOGIA DA INFORMACAO LTDA,0,0,23880630000284
47000 - MINISTERIO DO PLANEJAMENTO E ORCAMENTO,200461 - CSC - MPO,00006/2024,07.322.276/0001-35 - SYDLE SISTEMAS LTDA,2024-09-20,2027-09-20,"R$ 2.933.744,04",1,"R$ 2.933.744,04",Consulta Contratos Contratos.gov.br Min Planej Orc Ges 47000,7322276000135,SYDLE SISTEMAS LTDA,0,0,07322276000135
47000 - MINISTERIO DO PLANEJAMENTO E ORCAMENTO,200461 - CSC - MPO,00020/2024,07.192.480/0002-60 - AMM TECNOLOGIA E SERVICOS DE INFORMATICA S/A,2024-07-31,2025-07-31,"R$ 3.515.854,00",1,"R$ 3.515.854,00",Consulta Contratos Contratos.gov.br Min Planej Orc Ges 47000,7192480000260,AMM TECNOLOGIA E SERVICOS DE INFORMATICA S/A,0,0,07192480000260
47000 - MINISTERIO DO PLANEJAMENTO E ORCAMENTO,200461 - CSC - MPO,00006/2024,07.322.276/0001-35 - SYDLE SISTEMAS LTDA,2024-09-20,2027-09-20,"R$ 2.933.744,04",1,"R$ 2.933.744,04",Consulta Contratos Contratos.gov.br Min Planejamento 20113,7322276000135,SYDLE SISTEMAS LTDA,0,0,07322276000135
47000 - MINISTERIO DO PLANEJAMENTO E ORCAMENTO,200461 - CSC - MPO,00020/2024,07.192.480/0002-60 - AMM TECNOLOGIA E SERVICOS DE INFORMATICA S/A,2024-07-31,2025-07-31,"R$ 3.515.854,00",1,"R$ 3.515.854,00",Consulta Contratos Contratos.gov.br Min Planejamento 20113,7192480000260,AMM TECNOLOGIA E SERVICOS DE INFORMATICA S/A,0,0,07192480000260
35000 - MINISTERIO DAS RELACOES EXTERIORES,240010 - DTIC,00008/2023,07.432.517/0001-07 - SIMPRESS COMERCIO LOCACAO E SERVICOS LTDA,2023-10-10,2025-10-10,"R$ 2.469.426,51",24,"R$ 102.892,77",Consulta Contratos Contratos.gov.br Min Rel Exteriores 35000,7432517000107,SIMPRESS COMERCIO LOCACAO E SERVICOS LTDA,0,0,07432517000107
35000 - MINISTERIO DAS RELACOES EXTERIORES,240010 - DTIC,00005/2023,17.004.434/0001-62 - LOUPEN TECNOLOGIA DA INFORMACAO LTDA,2023-07-14,2025-07-14,"R$ 45.135,64",1,"R$ 45.135,64",Consulta Contratos Contratos.gov.br Min Rel Exteriores 35000,17004434000162,LOUPEN TECNOLOGIA DA INFORMACAO LTDA,0,0,17004434000162
35000 - MINISTERIO DAS RELACOES EXTERIORES,240010 - DTIC,00008/2019,01.707.536/0001-04 - ISH TECNOLOGIA S/A,2019-12-30,2024-12-30,"R$ 97.399,92",12,"R$ 8.116,66",Consulta Contratos Contratos.gov.br Min Rel Exteriores 35000,1707536000104,ISH TECNOLOGIA S/A,0,0,01707536000104
35000 - MINISTERIO DAS RELACOES EXTERIORES,240010 - DTIC,00007/2022,07.192.480/0002-60 - AMM TECNOLOGIA E SERVICOS DE INFORMATICA S/A,2022-12-28,2025-12-28,"R$ 7.321.630,59",1,"R$ 7.321.630,59",Consulta Contratos Contratos.gov.br Min Rel Exteriores 35000,7192480000260,AMM TECNOLOGIA E SERVICOS DE INFORMATICA S/A,0,0,07192480000260
35000 - MINISTERIO DAS RELACOES EXTERIORES,240010 - DTIC,00008/2018,19.877.285/0002-52 - LANLINK SOLUCOES E COMERCIALIZACAO EM INFORMATICA S/A,2018-09-21,2021-12-21,"R$ 7.631.030,47",1,"R$ 7.631.030,47",Consulta Contratos Contratos.gov.br Min Rel Exteriores 35000,19877285000252,LANLINK SOLUCOES E COMERCIALIZACAO EM INFORMATICA S/A,0,0,19877285000252
35000 - MINISTERIO DAS RELACOES EXTERIORES,240010 - DTIC,00006/2022,09.024.896/0001-13 - INB TECNOLOGIA LTDA,2022-10-31,2023-01-29,"R$ 3.690.000,00",1,"R$ 3.690.000,00",Consulta Contratos Contratos.gov.br Min Rel Exteriores 35000,9024896000113,INB TECNOLOGIA LTDA,0,0,09024896000113
35000 - MINISTERIO DAS RELACOES EXTERIORES,240010 - DTIC,00004/2022,02.558.157/0001-62 - TELEFONICA BRASIL S.A.,2022-09-13,2025-09-13,"R$ 55.506,24",12,"R$ 4.625,52",Consulta Contratos Contratos.gov.br Min Rel Exteriores 35000,2558157000162,TELEFONICA BRASIL S.A.,0,0,02558157000162
35000 - MINISTERIO DAS RELACOES EXTERIORES,240010 - DTIC,00001/2020,01.707.536/0001-04 - ISH TECNOLOGIA S/A,2020-03-27,2025-03-27,"R$ 10.484.275,00",60,"R$ 174.737,91",Consulta Contratos Contratos.gov.br Min Rel Exteriores 35000,1707536000104,ISH TECNOLOGIA S/A,0,0,01707536000104
35000 - MINISTERIO DAS RELACOES EXTERIORES,240010 - DTIC,00001/2017,01.707.536/0001-04 - ISH TECNOLOGIA S/A,2019-05-01,2020-04-30,"R$ 563.738,04",12,"R$ 46.978,17",Consulta Contratos Contratos.gov.br Min Rel Exteriores 35000,1707536000104,ISH TECNOLOGIA S/A,0,0,01707536000104
35000 - MINISTERIO DAS RELACOES EXTERIORES,240010 - DTIC,00002/2020,01.707.536/0001-04 - ISH TECNOLOGIA S/A,2020-04-01,2025-04-01,"R$ 2.673.000,00",60,"R$ 44.550,00",Consulta Contratos Contratos.gov.br Min Rel Exteriores 35000,1707536000104,ISH TECNOLOGIA S/A,0,0,01707536000104
35000 - MINISTERIO DAS RELACOES EXTERIORES,240010 - DTIC,00001/2024,03.017.428/0001-35 - NCT INFORMATICA LTDA,2024-03-26,2029-03-26,"R$ 1.889.200,00",1,"R$ 1.889.200,00",Consulta Contratos Contratos.gov.br Min Rel Exteriores 35000,3017428000135,NCT INFORMATICA LTDA,0,0,03017428000135
35000 - MINISTERIO DAS RELACOES EXTERIORES,240010 - DTIC,00001/2018,07.432.517/0001-07 - SIMPRESS COMERCIO LOCACAO E SERVICOS LTDA,2018-01-30,2023-01-30,"R$ 1.033.261,32",12,"R$ 86.105,11",Consulta Contratos Contratos.gov.br Min Rel Exteriores 35000,7432517000107,SIMPRESS COMERCIO LOCACAO E SERVICOS LTDA,0,0,07432517000107
35000 - MINISTERIO DAS RELACOES EXTERIORES,240010 - DTIC,00003/2024,"94.316.916/0005-22 - LTA-RH INFORMATICA, COMERCIO, REPRESENTACOES LTDA",2024-05-13,2025-05-12,"R$ 1.752.093,00",8,"R$ 219.011,63",Consulta Contratos Contratos.gov.br Min Rel Exteriores 35000,94316916000522,"LTA-RH INFORMATICA, COMERCIO, REPRESENTACOES LTDA",0,0,94316916000522
36000 - MINISTERIO DA SAUDE,257027 - DSEI/MANAUS,00026/2022,07.797.967/0001-95 - NP TECNOLOGIA E GESTAO DE DADOS LTDA,2022-07-06,2026-07-06,"R$ 21.730,00",1,"R$ 21.730,00",Consulta Contratos Contratos.gov.br Min Saude 36000,7797967000195,NP TECNOLOGIA E GESTAO DE DADOS LTDA,0,0,07797967000195
36000 - MINISTERIO DA SAUDE,250057 - MS-INTO,00311/2024,09.162.855/0005-17 - PTLS SERVICOS DE TECNOLOGIA E ASSESSORIA TECNICA LTDA,2024-09-16,2027-09-16,"R$ 400.005,00",1,"R$ 400.005,00",Consulta Contratos Contratos.gov.br Min Saude 36000,9162855000517,PTLS SERVICOS DE TECNOLOGIA E ASSESSORIA TECNICA LTDA,0,0,09162855000517
36000 - MINISTERIO DA SAUDE,250057 - MS-INTO,00058/2022,23.690.341/0001-31 - FABRICADS SOLUCOES EM TECNOLOGIA DA INFORMACAO LTDA,2022-03-16,2025-03-16,"R$ 44.840,52",1,"R$ 44.840,52",Consulta Contratos Contratos.gov.br Min Saude 36000,23690341000131,FABRICADS SOLUCOES EM TECNOLOGIA DA INFORMACAO LTDA,0,0,23690341000131
36000 - MINISTERIO DA SAUDE,250057 - MS-INTO,00260/2022,27.465.898/0001-20 - J. E. M. ARCHILLA LTDA,2022-07-29,2027-07-29,"R$ 100.000,00",1,"R$ 100.000,00",Consulta Contratos Contratos.gov.br Min Saude 36000,27465898000120,J. E. M. ARCHILLA LTDA,0,0,27465898000120
36000 - MINISTERIO DA SAUDE,257035 - DSEI-MG/ES,00012/2023,30.341.995/0001-15 - INTERPOP TELECOMUNICACOES LTDA,2023-03-10,2024-03-10,"R$ 1.176,00",12,"R$ 98,00",Consulta Contratos Contratos.gov.br Min Saude 36000,30341995000115,INTERPOP TELECOMUNICACOES LTDA,0,0,30341995000115
36000 - MINISTERIO DA SAUDE,257035 - DSEI-MG/ES,00073/2023,50.506.800/0001-57 - DOCS CONSULTORIA ESPECIALIZADA LTDA,2023-12-01,2024-02-01,"R$ 145,00",1,"R$ 145,00",Consulta Contratos Contratos.gov.br Min Saude 36000,50506800000157,DOCS CONSULTORIA ESPECIALIZADA LTDA,0,1,50506800000157
36000 - MINISTERIO DA SAUDE,257035 - DSEI-MG/ES,00019/2020,07.346.326/0001-14 - REPROS SOLUCOES EM TECNOLOGIA LTDA,2020-02-28,2024-06-28,"R$ 12.851,19",4,"R$ 3.212,80",Consulta Contratos Contratos.gov.br Min Saude 36000,7346326000114,REPROS SOLUCOES EM TECNOLOGIA LTDA,0,0,07346326000114
36000 - MINISTERIO DA SAUDE,257035 - DSEI-MG/ES,00048/2023,32.240.154/0001-47 - CEL CERTIFICADORA DIGITAL LTDA,2023-10-16,2023-12-16,"R$ 308,00",1,"R$ 308,00",Consulta Contratos Contratos.gov.br Min Saude 36000,32240154000147,CEL CERTIFICADORA DIGITAL LTDA,0,0,32240154000147
36000 - MINISTERIO DA SAUDE,257035 - DSEI-MG/ES,00024/2024,04.270.051/0001-94 - TOP CENTER TECNOLOGIA LTDA,2024-06-29,2029-06-29,"R$ 232.019,40",60,"R$ 3.866,99",Consulta Contratos Contratos.gov.br Min Saude 36000,4270051000194,TOP CENTER TECNOLOGIA LTDA,0,0,04270051000194
36000 - MINISTERIO DA SAUDE,250013 - SEMS/AL,00005/2023,42.925.322/0001-91 - PRINTPAGE TECNOLOGIA LTDA,2023-12-06,2027-12-05,"R$ 26.192,67",1,"R$ 26.192,67",Consulta Contratos Contratos.gov.br Min Saude 36000,42925322000191,PRINTPAGE TECNOLOGIA LTDA,0,0,42925322000191
36000 - MINISTERIO DA SAUDE,250014 - SEMS/AP,00002/2024,12.076.116/0001-93 - M J L COSTA SERVICOS,2024-03-01,2026-03-01,"R$ 47.932,20",12,"R$ 3.994,35",Consulta Contratos Contratos.gov.br Min Saude 36000,12076116000193,M J L COSTA SERVICOS,0,0,12076116000193
36000 - MINISTERIO DA SAUDE,250016 - SEMS/BA,00001/2021,08.610.363/0002-31 - LOCOPIA COMERCIO DE MAQUINAS E EQUIPAMENTOS LTDA,2021-02-11,2024-02-11,"R$ 29.285,16",12,"R$ 2.440,43",Consulta Contratos Contratos.gov.br Min Saude 36000,8610363000231,LOCOPIA COMERCIO DE MAQUINAS E EQUIPAMENTOS LTDA,0,0,08610363000231
36000 - MINISTERIO DA SAUDE,250017 - SEMS/CE,00003/2024,31.810.764/0001-76 - IP SERVICOS E LOCACOES LTDA,2024-03-27,2026-03-27,"R$ 14.697,60",12,"R$ 1.224,80",Consulta Contratos Contratos.gov.br Min Saude 36000,31810764000176,IP SERVICOS E LOCACOES LTDA,0,0,31810764000176
36000 - MINISTERIO DA SAUDE,250021 - SEMS/GO,00005/2023,05.506.933/0001-79 - WEBDOC LOCACOES LTDA,2024-01-02,2026-01-02,"R$ 83.754,60",12,"R$ 6.979,55",Consulta Contratos Contratos.gov.br Min Saude 36000,5506933000179,WEBDOC LOCACOES LTDA,0,0,05506933000179
36000 - MINISTERIO DA SAUDE,250022 - SEMS/MA,00006/2024,29.422.374/0001-87 - FACILID COMERCIO E SERVICOS LTDA,2024-04-22,2028-04-21,"R$ 89.640,00",12,"R$ 7.470,00",Consulta Contratos Contratos.gov.br Min Saude 36000,29422374000187,FACILID COMERCIO E SERVICOS LTDA,0,0,29422374000187
36000 - MINISTERIO DA SAUDE,250024 - SEMS/MS,00002/2021,35.688.983/0001-85 - CAMPANULA TECNOLOGIA LTDA,2021-03-29,2021-09-25,"R$ 49.180,00",1,"R$ 49.180,00",Consulta Contratos Contratos.gov.br Min Saude 36000,35688983000185,CAMPANULA TECNOLOGIA LTDA,0,1,35688983000185
36000 - MINISTERIO DA SAUDE,250030 - SEMS/PI,00002/2023,07.128.744/0001-35 - DUO TELECOM LTDA,2023-02-14,2026-02-14,"R$ 19.870,44",12,"R$ 1.655,87",Consulta Contratos Contratos.gov.br Min Saude 36000,7128744000135,DUO TELECOM LTDA,0,0,07128744000135
36000 - MINISTERIO DA SAUDE,250030 - SEMS/PI,00005/2023,14.352.577/0001-77 - INFOART INFORMATICA LTDA,2023-06-01,2024-07-31,"R$ 15.976,00",12,"R$ 1.331,33",Consulta Contratos Contratos.gov.br Min Saude 36000,14352577000177,INFOART INFORMATICA LTDA,0,0,14352577000177
36000 - MINISTERIO DA SAUDE,250031 - SEMS/RJ,00021/2023,03.117.534/0001-90 - BRADOK SOLUCOES CORPORATIVAS LTDA,2023-11-22,2027-11-22,"R$ 223.776,00",12,"R$ 18.648,00",Consulta Contratos Contratos.gov.br Min Saude 36000,3117534000190,BRADOK SOLUCOES CORPORATIVAS LTDA,0,0,03117534000190
36000 - MINISTERIO DA SAUDE,250031 - SEMS/RJ,00006/2022,04.530.781/0001-87 - ZIULEO COPY COMERCIO E SERVICOS LTDA,2022-03-24,2022-09-20,"R$ 67.824,00",6,"R$ 11.304,00",Consulta Contratos Contratos.gov.br Min Saude 36000,4530781000187,ZIULEO COPY COMERCIO E SERVICOS LTDA,0,0,04530781000187
36000 - MINISTERIO DA SAUDE,250033 - SEMS/RS,00003/2023,23.226.948/0001-65 - ALLGED SOLUCOES DE TI LTDA.,2023-08-24,2024-08-23,"R$ 108.900,00",12,"R$ 9.075,00",Consulta Contratos Contratos.gov.br Min Saude 36000,23226948000165,ALLGED SOLUCOES DE TI LTDA.,0,0,23226948000165
36000 - MINISTERIO DA SAUDE,250036 - SEMS/SC,00004/2021,09.554.328/0001-24 - MTS & SH TECNOLOGIA EM IMPRESSAO E COPIA LTDA,2022-01-03,2026-01-03,"R$ 191.438,40",1,"R$ 191.438,40",Consulta Contratos Contratos.gov.br Min Saude 36000,9554328000124,MTS & SH TECNOLOGIA EM IMPRESSAO E COPIA LTDA,0,0,09554328000124
36000 - MINISTERIO DA SAUDE,250059 - INC,00028/2024,07.432.517/0001-07 - SIMPRESS COMERCIO LOCACAO E SERVICOS LTDA,2024-08-12,2028-08-12,"R$ 978.822,15",48,"R$ 20.392,13",Consulta Contratos Contratos.gov.br Min Saude 36000,7432517000107,SIMPRESS COMERCIO LOCACAO E SERVICOS LTDA,0,0,07432517000107
36000 - MINISTERIO DA SAUDE,250104 - HOSP.CARDOSO FONTES,00004/2023,03.117.534/0001-90 - BRADOK SOLUCOES CORPORATIVAS LTDA,2023-11-23,2025-11-23,"R$ 647.251,20",12,"R$ 53.937,60",Consulta Contratos Contratos.gov.br Min Saude 36000,3117534000190,BRADOK SOLUCOES CORPORATIVAS LTDA,0,0,03117534000190
36000 - MINISTERIO DA SAUDE,257003 - IEC,00147/2023,"07.223.271/0001-55 - CONNECTA - CONSULTORIA, COMERCIO E SERVICOS DE INFORMATICA LTDA",2023-12-29,2026-12-29,"R$ 638.640,00",1,"R$ 638.640,00",Consulta Contratos Contratos.gov.br Min Saude 36000,7223271000155,"CONNECTA - CONSULTORIA, COMERCIO E SERVICOS DE INFORMATICA LTDA",0,0,07223271000155
36000 - MINISTERIO DA SAUDE,257042 - DSEI-ALTAMIRA,00006/2022,07.797.967/0001-95 - NP TECNOLOGIA E GESTAO DE DADOS LTDA,2022-11-16,2023-11-16,"R$ 21.730,00",1,"R$ 21.730,00",Consulta Contratos Contratos.gov.br Min Saude 36000,7797967000195,NP TECNOLOGIA E GESTAO DE DADOS LTDA,0,0,07797967000195
36000 - MINISTERIO DA SAUDE,250110 - SAA-MS,00014/2019,02.558.157/0001-62 - TELEFONICA BRASIL S.A.,2019-06-28,2025-06-28,"R$ 195.893,58",24,"R$ 8.162,23",Consulta Contratos Contratos.gov.br Min Saude 36000,2558157000162,TELEFONICA BRASIL S.A.,0,0,02558157000162
36000 - MINISTERIO DA SAUDE,250110 - SAA-MS,00078/2022,03.698.620/0005-68 - GREEN4T SOLUCOES TI LTDA,2022-08-12,2025-08-12,"R$ 1.605.489,84",1,"R$ 1.605.489,84",Consulta Contratos Contratos.gov.br Min Saude 36000,3698620000568,GREEN4T SOLUCOES TI LTDA,0,0,03698620000568
36000 - MINISTERIO DA SAUDE,250110 - SAA-MS,00040/2020,03.698.620/0005-68 - GREEN4T SOLUCOES TI LTDA,2020-11-16,2025-11-16,"R$ 1.543.651,32",12,"R$ 128.637,61",Consulta Contratos Contratos.gov.br Min Saude 36000,3698620000568,GREEN4T SOLUCOES TI LTDA,0,0,03698620000568
36000 - MINISTERIO DA SAUDE,250110 - SAA-MS,00080/2017,01.707.536/0001-04 - ISH TECNOLOGIA S/A,2017-12-14,2021-12-13,"R$ 1.232.453,31",12,"R$ 102.704,44",Consulta Contratos Contratos.gov.br Min Saude 36000,1707536000104,ISH TECNOLOGIA S/A,0,0,01707536000104
36000 - MINISTERIO DA SAUDE,250110 - SAA-MS,00058/2017,04.530.781/0001-87 - ZIULEO COPY COMERCIO E SERVICOS LTDA,2017-08-15,2023-08-14,"R$ 1.218.128,46",1,"R$ 1.218.128,46",Consulta Contratos Contratos.gov.br Min Saude 36000,4530781000187,ZIULEO COPY COMERCIO E SERVICOS LTDA,0,0,04530781000187
36000 - MINISTERIO DA SAUDE,250110 - SAA-MS,2024NE000255,04.530.781/0001-87 - ZIULEO COPY COMERCIO E SERVICOS LTDA,2024-04-09,2024-12-31,"R$ 203.021,42",1,"R$ 203.021,42",Consulta Contratos Contratos.gov.br Min Saude 36000,4530781000187,ZIULEO COPY COMERCIO E SERVICOS LTDA,0,0,04530781000187
36000 - MINISTERIO DA SAUDE,250110 - SAA-MS,00126/2021,07.797.967/0001-95 - NP TECNOLOGIA E GESTAO DE DADOS LTDA,2021-12-30,2023-12-30,"R$ 59.250,00",1,"R$ 59.250,00",Consulta Contratos Contratos.gov.br Min Saude 36000,7797967000195,NP TECNOLOGIA E GESTAO DE DADOS LTDA,0,0,07797967000195
36000 - MINISTERIO DA SAUDE,250110 - SAA-MS,00022/2022,03.017.428/0001-35 - NCT INFORMATICA LTDA,2022-02-25,2025-02-25,"R$ 1.129.000,00",1,"R$ 1.129.000,00",Consulta Contratos Contratos.gov.br Min Saude 36000,3017428000135,NCT INFORMATICA LTDA,0,0,03017428000135
36000 - MINISTERIO DA SAUDE,250110 - SAA-MS,00088/2017,01.707.536/0001-04 - ISH TECNOLOGIA S/A,2017-12-26,2023-12-25,"R$ 12.453.416,72",12,"R$ 1.037.784,73",Consulta Contratos Contratos.gov.br Min Saude 36000,1707536000104,ISH TECNOLOGIA S/A,0,0,01707536000104
36000 - MINISTERIO DA SAUDE,250110 - SAA-MS,00104/2018,02.558.157/0001-62 - TELEFONICA BRASIL S.A.,2018-12-01,2024-12-01,"R$ 241.644,36",24,"R$ 10.068,52",Consulta Contratos Contratos.gov.br Min Saude 36000,2558157000162,TELEFONICA BRASIL S.A.,0,0,02558157000162
36000 - MINISTERIO DA SAUDE,250052 - INCA/RJ,00067/2021,07.432.517/0001-07 - SIMPRESS COMERCIO LOCACAO E SERVICOS LTDA,2021-11-05,2025-11-04,"R$ 4.123.538,55",1,"R$ 4.123.538,55",Consulta Contratos Contratos.gov.br Min Saude 36000,7432517000107,SIMPRESS COMERCIO LOCACAO E SERVICOS LTDA,0,0,07432517000107
36000 - MINISTERIO DA SAUDE,250052 - INCA/RJ,00158/2021,"66.582.784/0001-11 - MAPDATA-TECNOLOGIA,INFORMATICA E COMERCIO LTDA",2021-11-11,2022-02-08,"R$ 13.518,00",1,"R$ 13.518,00",Consulta Contratos Contratos.gov.br Min Saude 36000,66582784000111,"MAPDATA-TECNOLOGIA,INFORMATICA E COMERCIO LTDA",0,0,66582784000111
36000 - MINISTERIO DA SAUDE,250052 - INCA/RJ,00157/2021,"66.582.784/0001-11 - MAPDATA-TECNOLOGIA,INFORMATICA E COMERCIO LTDA",2021-11-11,2024-11-10,"R$ 208.500,00",1,"R$ 208.500,00",Consulta Contratos Contratos.gov.br Min Saude 36000,66582784000111,"MAPDATA-TECNOLOGIA,INFORMATICA E COMERCIO LTDA",0,0,66582784000111
36000 - MINISTERIO DA SAUDE,250052 - INCA/RJ,00013/2024,09.162.855/0005-17 - PTLS SERVICOS DE TECNOLOGIA E ASSESSORIA TECNICA LTDA,2024-01-10,2027-01-10,"R$ 2.799.163,84",1,"R$ 2.799.163,84",Consulta Contratos Contratos.gov.br Min Saude 36000,9162855000517,PTLS SERVICOS DE TECNOLOGIA E ASSESSORIA TECNICA LTDA,0,0,09162855000517
40000 - MINISTERIO DO TRABALHO E EMPREGO,400045 - CGRL - MTE,00075/2020,08.844.348/0001-77 - TRDT BRASIL TECNOLOGIA LTDA,2020-12-31,2024-12-31,"R$ 17.735.353,94",48,"R$ 369.486,54",Consulta Contratos Contratos.gov.br Min Trabalho 40000,8844348000177,TRDT BRASIL TECNOLOGIA LTDA,0,0,08844348000177
40000 - MINISTERIO DO TRABALHO E EMPREGO,400045 - CGRL - MTE,00028/2023,02.539.643/0001-33 - LINUXELL INFORMATICA E SERVICOS LTDA,2023-12-18,2025-12-18,"R$ 19.713.493,32",1,"R$ 19.713.493,32",Consulta Contratos Contratos.gov.br Min Trabalho 40000,2539643000133,LINUXELL INFORMATICA E SERVICOS LTDA,0,0,02539643000133
40000 - MINISTERIO DO TRABALHO E EMPREGO,400045 - CGRL - MTE,00047/2021,20.658.903/0001-71 - LACUNA SOFTWARE LTDA,2021-12-08,2025-12-08,"R$ 18.242,60",12,"R$ 1.520,22",Consulta Contratos Contratos.gov.br Min Trabalho 40000,20658903000171,LACUNA SOFTWARE LTDA,0,0,20658903000171
40000 - MINISTERIO DO TRABALHO E EMPREGO,400045 - CGRL - MTE,00003/2023,58.069.360/0001-20 - STEFANINI CONSULTORIA E ASSESSORIA EM INFORMATICA S.A.,2023-03-17,2026-07-16,"R$ 18.479.753,60",1,"R$ 18.479.753,60",Consulta Contratos Contratos.gov.br Min Trabalho 40000,58069360000120,STEFANINI CONSULTORIA E ASSESSORIA EM INFORMATICA S.A.,0,0,58069360000120
40000 - MINISTERIO DO TRABALHO E EMPREGO,400045 - CGRL - MTE,00027/2024,03.621.548/0001-47 - CEL TECNOLOGIA E INFORMATICA LTDA,2024-12-27,2026-03-14,"R$ 57.845,00",1,"R$ 57.845,00",Consulta Contratos Contratos.gov.br Min Trabalho 40000,3621548000147,CEL TECNOLOGIA E INFORMATICA LTDA,0,0,03621548000147
40000 - MINISTERIO DO TRABALHO E EMPREGO,400045 - CGRL - MTE,00010/2024,04.958.321/0001-54 - HARDLINK INFORMATICA E SISTEMAS LTDA,2024-06-16,2025-07-23,"R$ 146.520,00",1,"R$ 146.520,00",Consulta Contratos Contratos.gov.br Min Trabalho 40000,4958321000154,HARDLINK INFORMATICA E SISTEMAS LTDA,0,0,04958321000154
40000 - MINISTERIO DO TRABALHO E EMPREGO,400045 - CGRL - MTE,00029/2024,13.661.968/0001-00 - IMPACT BRASIL COMERCIO E SERVICOS DE PRODUTOS DE INFORMATICA LTDA,2024-12-31,2030-01-15,"R$ 59.000,00",1,"R$ 59.000,00",Consulta Contratos Contratos.gov.br Min Trabalho 40000,13661968000100,IMPACT BRASIL COMERCIO E SERVICOS DE PRODUTOS DE INFORMATICA LTDA,0,0,13661968000100
39000 - MINISTERIO DOS TRANSPORTES,390004 - SPOA-ADMINISTRATIVO,00005/2023,01.590.728/0002-64 - MICROTECNICA INFORMATICA LTDA,2023-05-12,2024-05-12,"R$ 429.839,85",1,"R$ 429.839,85",Consulta Contratos Contratos.gov.br Min Transportes 39000,1590728000264,MICROTECNICA INFORMATICA LTDA,0,0,01590728000264
39000 - MINISTERIO DOS TRANSPORTES,390004 - SPOA-ADMINISTRATIVO,00033/2019,01.181.242/0002-72 - COMPWIRE INFORMATICA LTDA,2019-12-27,2024-12-27,"R$ 1.405.498,00",1,"R$ 1.405.498,00",Consulta Contratos Contratos.gov.br Min Transportes 39000,1181242000272,COMPWIRE INFORMATICA LTDA,0,0,01181242000272
39000 - MINISTERIO DOS TRANSPORTES,390004 - SPOA-ADMINISTRATIVO,00004/2019,07.432.517/0001-07 - SIMPRESS COMERCIO LOCACAO E SERVICOS LTDA,2019-02-04,2024-08-04,"R$ 248.951,34",6,"R$ 41.491,89",Consulta Contratos Contratos.gov.br Min Transportes 39000,7432517000107,SIMPRESS COMERCIO LOCACAO E SERVICOS LTDA,0,0,07432517000107
39000 - MINISTERIO DOS TRANSPORTES,390004 - SPOA-ADMINISTRATIVO,00005/2019,37.165.529/0001-75 - PANACOPY COMERCIO DE EQUIPAMENTOS REPROGRAFICOS LTDA,2019-01-30,2024-01-30,"R$ 85.842,42",12,"R$ 7.153,54",Consulta Contratos Contratos.gov.br Min Transportes 39000,37165529000175,PANACOPY COMERCIO DE EQUIPAMENTOS REPROGRAFICOS LTDA,0,0,37165529000175
39000 - MINISTERIO DOS TRANSPORTES,399008 - PORTOSRIO,00014/2021,07.432.517/0001-07 - SIMPRESS COMERCIO LOCACAO E SERVICOS LTDA,2021-04-27,2026-04-26,"R$ 131.259,00",12,"R$ 10.938,25",Consulta Contratos Contratos.gov.br Min Transportes 39000,7432517000107,SIMPRESS COMERCIO LOCACAO E SERVICOS LTDA,0,0,07432517000107
39000 - MINISTERIO DOS TRANSPORTES,399008 - PORTOSRIO,00018/2022,04.724.924/0001-91 - ACTIVEWEB TECHNOLOGIES INFORMATICA LTDA,2022-04-04,2027-04-03,"R$ 2.760,00",1,"R$ 2.760,00",Consulta Contratos Contratos.gov.br Min Transportes 39000,4724924000191,ACTIVEWEB TECHNOLOGIES INFORMATICA LTDA,0,0,04724924000191
39000 - MINISTERIO DOS TRANSPORTES,390096 - SGETI,00007/2024,68.558.972/0001-30 - G L S ENGENHARIA E CONSULTORIA LTDA,2024-02-22,2026-02-22,"R$ 784.953,76",1,"R$ 784.953,76",Consulta Contratos Contratos.gov.br Min Transportes 39000,68558972000130,G L S ENGENHARIA E CONSULTORIA LTDA,0,0,68558972000130
39000 - MINISTERIO DOS TRANSPORTES,390096 - SGETI,00017/2022,19.877.285/0002-52 - LANLINK SOLUCOES E COMERCIALIZACAO EM INFORMATICA S/A,2022-07-11,2026-07-11,"R$ 406.784,87",2,"R$ 203.392,43",Consulta Contratos Contratos.gov.br Min Transportes 39000,19877285000252,LANLINK SOLUCOES E COMERCIALIZACAO EM INFORMATICA S/A,0,0,19877285000252
